<?xml version="1.0"?>
<!--<!DOCTYPE metadata SYSTEM "http://www.esri.com/metadata/esriprof80.dtd">-->
<metadata xml:lang="en"><Esri><CreaDate>20191205</CreaDate><CreaTime>13053300</CreaTime><SyncOnce>FALSE</SyncOnce><SyncDate>20190503</SyncDate><SyncTime>15011200</SyncTime><ModDate>20190503</ModDate><ModTime>15011200</ModTime><DataProperties><lineage><Process Name="FeatureClassToFeatureClass_1" ToolSource="C:\Program Files\ArcGIS\ArcToolbox\Toolboxes\Conversion Tools.tbx\FeatureClassToFeatureClass" Date="20080905" Time="092141">FeatureClassToFeatureClass \\Igsknjwwfs003\gis\Atlas\Work\Work_kim\hydro\hydro\arc \\Igsknjwwfs003\gis\Atlas\Work\Work_Hydro\work_hydro.mdb\hydro Hydro_arc_10m # "FNODE_ FNODE_ false false true 4 Long 0 0 ,First,#,\\Igsknjwwfs003\gis\Atlas\Work\Work_kim\hydro\hydro\arc,FNODE#,-1,-1;TNODE_ TNODE_ false false true 4 Long 0 0 ,First,#,\\Igsknjwwfs003\gis\Atlas\Work\Work_kim\hydro\hydro\arc,TNODE#,-1,-1;LPOLY_ LPOLY_ false false true 4 Long 0 0 ,First,#,\\Igsknjwwfs003\gis\Atlas\Work\Work_kim\hydro\hydro\arc,LPOLY#,-1,-1;RPOLY_ RPOLY_ false false true 4 Long 0 0 ,First,#,\\Igsknjwwfs003\gis\Atlas\Work\Work_kim\hydro\hydro\arc,RPOLY#,-1,-1;LENGTH LENGTH false false true 8 Double 0 0 ,First,#,\\Igsknjwwfs003\gis\Atlas\Work\Work_kim\hydro\hydro\arc,LENGTH,-1,-1;HYDRO_ HYDRO_ false false true 4 Long 0 0 ,First,#,\\Igsknjwwfs003\gis\Atlas\Work\Work_kim\hydro\hydro\arc,HYDRO#,-1,-1;HYDRO_ID HYDRO_ID true false true 4 Long 0 0 ,First,#,\\Igsknjwwfs003\gis\Atlas\Work\Work_kim\hydro\hydro\arc,HYDRO-ID,-1,-1;UIDENT UIDENT true false false 8 Double 0 0 ,First,#,\\Igsknjwwfs003\gis\Atlas\Work\Work_kim\hydro\hydro\arc,UIDENT,-1,-1;TYPE TYPE true false false 8 Double 0 0 ,First,#,\\Igsknjwwfs003\gis\Atlas\Work\Work_kim\hydro\hydro\arc,TYPE,-1,-1;COUNTRY COUNTRY true false false 10 Text 0 0 ,First,#,\\Igsknjwwfs003\gis\Atlas\Work\Work_kim\hydro\hydro\arc,COUNTRY,-1,-1;NAMEEN NAMEEN true false false 80 Text 0 0 ,First,#,\\Igsknjwwfs003\gis\Atlas\Work\Work_kim\hydro\hydro\arc,NAMEEN,-1,-1;NAMEFR NAMEFR true false false 80 Text 0 0 ,First,#,\\Igsknjwwfs003\gis\Atlas\Work\Work_kim\hydro\hydro\arc,NAMEFR,-1,-1;NAMESP NAMESP true false false 80 Text 0 0 ,First,#,\\Igsknjwwfs003\gis\Atlas\Work\Work_kim\hydro\hydro\arc,NAMESP,-1,-1" # \\Igsknjwwfs003\gis\Atlas\Work\Work_Hydro\work_hydro.mdb\hydro\Hydro_arc_10m</Process><Process Name="FeatureClassToFeatureClass_1" ToolSource="C:\Program Files\ArcGIS\ArcToolbox\Toolboxes\Conversion Tools.tbx\FeatureClassToFeatureClass" Date="20081007" Time="114601">FeatureClassToFeatureClass \\Igsknjwwfs003\gis\Atlas\Work\Work_nate\Hydro\hydro_nate.mdb\hydro\Hydro_rivers_10m_nbEdits \\Igsknjwwfs003\gis\Atlas\Work\Work_Hydro\work_hydro.mdb\hydro Hydro_rivers_10m_nbEdits # "FNODE_ FNODE_ false true true 4 Long 0 0 ,First,#,\\Igsknjwwfs003\gis\Atlas\Work\Work_nate\Hydro\hydro_nate.mdb\hydro\Hydro_rivers_10m_nbEdits,FNODE_,-1,-1;TNODE_ TNODE_ false true true 4 Long 0 0 ,First,#,\\Igsknjwwfs003\gis\Atlas\Work\Work_nate\Hydro\hydro_nate.mdb\hydro\Hydro_rivers_10m_nbEdits,TNODE_,-1,-1;LPOLY_ LPOLY_ false true true 4 Long 0 0 ,First,#,\\Igsknjwwfs003\gis\Atlas\Work\Work_nate\Hydro\hydro_nate.mdb\hydro\Hydro_rivers_10m_nbEdits,LPOLY_,-1,-1;RPOLY_ RPOLY_ false true true 4 Long 0 0 ,First,#,\\Igsknjwwfs003\gis\Atlas\Work\Work_nate\Hydro\hydro_nate.mdb\hydro\Hydro_rivers_10m_nbEdits,RPOLY_,-1,-1;LENGTH LENGTH false true true 8 Double 0 0 ,First,#,\\Igsknjwwfs003\gis\Atlas\Work\Work_nate\Hydro\hydro_nate.mdb\hydro\Hydro_rivers_10m_nbEdits,LENGTH,-1,-1;HYDRO_ HYDRO_ false true true 4 Long 0 0 ,First,#,\\Igsknjwwfs003\gis\Atlas\Work\Work_nate\Hydro\hydro_nate.mdb\hydro\Hydro_rivers_10m_nbEdits,HYDRO_,-1,-1;HYDRO_ID HYDRO_ID true true true 4 Long 0 0 ,First,#,\\Igsknjwwfs003\gis\Atlas\Work\Work_nate\Hydro\hydro_nate.mdb\hydro\Hydro_rivers_10m_nbEdits,HYDRO_ID,-1,-1;UIDENT UIDENT true true false 8 Double 0 0 ,First,#,\\Igsknjwwfs003\gis\Atlas\Work\Work_nate\Hydro\hydro_nate.mdb\hydro\Hydro_rivers_10m_nbEdits,UIDENT,-1,-1;TYPE TYPE true true false 8 Double 0 0 ,First,#,\\Igsknjwwfs003\gis\Atlas\Work\Work_nate\Hydro\hydro_nate.mdb\hydro\Hydro_rivers_10m_nbEdits,TYPE,-1,-1;COUNTRY COUNTRY true true false 10 Text 0 0 ,First,#,\\Igsknjwwfs003\gis\Atlas\Work\Work_nate\Hydro\hydro_nate.mdb\hydro\Hydro_rivers_10m_nbEdits,COUNTRY,-1,-1;NAMEEN NAMEEN true true false 80 Text 0 0 ,First,#,\\Igsknjwwfs003\gis\Atlas\Work\Work_nate\Hydro\hydro_nate.mdb\hydro\Hydro_rivers_10m_nbEdits,NAMEEN,-1,-1;NAMEFR NAMEFR true true false 80 Text 0 0 ,First,#,\\Igsknjwwfs003\gis\Atlas\Work\Work_nate\Hydro\hydro_nate.mdb\hydro\Hydro_rivers_10m_nbEdits,NAMEFR,-1,-1;NAMESP NAMESP true true false 80 Text 0 0 ,First,#,\\Igsknjwwfs003\gis\Atlas\Work\Work_nate\Hydro\hydro_nate.mdb\hydro\Hydro_rivers_10m_nbEdits,NAMESP,-1,-1;Shape_Length Shape_Length false true true 8 Double 0 0 ,First,#,\\Igsknjwwfs003\gis\Atlas\Work\Work_nate\Hydro\hydro_nate.mdb\hydro\Hydro_rivers_10m_nbEdits,Shape_Length,-1,-1;edited edited true true false 3 Text 0 0 ,First,#,\\Igsknjwwfs003\gis\Atlas\Work\Work_nate\Hydro\hydro_nate.mdb\hydro\Hydro_rivers_10m_nbEdits,edited,-1,-1" # \\Igsknjwwfs003\gis\Atlas\Work\Work_Hydro\work_hydro.mdb\hydro\Hydro_rivers_10m_nbEdits</Process><Process ToolSource="C:\Program Files\ArcGIS\ArcToolbox\Toolboxes\Data Management Tools.tbx\CopyFeatures" Date="20081017" Time="112552">CopyFeatures \\Igsknjwwfs003\gis\Atlas\Work\Work_Hydro\work_hydro.mdb\hydro\Hydro_rivers_10m_nbEdits D:\Atlas\National_Atlas_Work.gdb\updated_datasets\Hydro_rivers_10m_nbEdits # 0 0 0</Process><Process ToolSource="C:\Program Files\ArcGIS\ArcToolbox\Toolboxes\Conversion Tools.tbx\FeatureClassToFeatureClass" Date="20090904" Time="165033">FeatureClassToFeatureClass "E:\NA Atlas\a_wshed10m\NA_2009\National_Atlas_Work.gdb\updated_datasets_lambert\hydro_l_2009" "E:\NA Atlas\a_wshed10m\NA_2009\NA_Atlas_20090904.gdb\data_20090904" hydro_l # "UIDENT 'UIDENT' true true false 8 Double 0 0 ,First,#,E:\NA Atlas\a_wshed10m\NA_2009\National_Atlas_Work.gdb\updated_datasets_lambert\hydro_l_2009,UIDENT,-1,-1;TYPE 'TYPE' true true false 8 Double 0 0 ,First,#,E:\NA Atlas\a_wshed10m\NA_2009\National_Atlas_Work.gdb\updated_datasets_lambert\hydro_l_2009,TYPE,-1,-1;COUNTRY 'COUNTRY' true true false 10 Text 0 0 ,First,#,E:\NA Atlas\a_wshed10m\NA_2009\National_Atlas_Work.gdb\updated_datasets_lambert\hydro_l_2009,COUNTRY,-1,-1;NAMEEN 'NAMEEN' true true false 80 Text 0 0 ,First,#,E:\NA Atlas\a_wshed10m\NA_2009\National_Atlas_Work.gdb\updated_datasets_lambert\hydro_l_2009,NAMEEN,-1,-1;NAMEFR 'NAMEFR' true true false 80 Text 0 0 ,First,#,E:\NA Atlas\a_wshed10m\NA_2009\National_Atlas_Work.gdb\updated_datasets_lambert\hydro_l_2009,NAMEFR,-1,-1;NAMESP 'NAMESP' true true false 80 Text 0 0 ,First,#,E:\NA Atlas\a_wshed10m\NA_2009\National_Atlas_Work.gdb\updated_datasets_lambert\hydro_l_2009,NAMESP,-1,-1;Shape_Length 'Shape_Length' false true true 8 Double 0 0 ,First,#,E:\NA Atlas\a_wshed10m\NA_2009\National_Atlas_Work.gdb\updated_datasets_lambert\hydro_l_2009,Shape_Length,-1,-1;EDITDATE 'EDITDATE' true true false 8 Text 0 0 ,First,#,E:\NA Atlas\a_wshed10m\NA_2009\National_Atlas_Work.gdb\updated_datasets_lambert\hydro_l_2009,EDITDATE,-1,-1;EDIT 'EDIT' true true false 3 Text 0 0 ,First,#,E:\NA Atlas\a_wshed10m\NA_2009\National_Atlas_Work.gdb\updated_datasets_lambert\hydro_l_2009,EDIT,-1,-1" # "E:\NA Atlas\a_wshed10m\NA_2009\NA_Atlas_20090904.gdb\data_20090904\hydro_l"</Process><Process ToolSource="C:\Program Files\ArcGIS\ArcToolbox\Toolboxes\Data Management Tools.tbx\CopyFeatures" Date="20100517" Time="135655">CopyFeatures "E:\NA Atlas\a_wshed10m\NA_2009\NA_Atlas_20100330_AOC_Phase5\NA_Atlas_201003.gdb\data\hydro_l" "E:\NA Atlas\a_wshed10m\NA_2009\NA_Atlas_20100330_AOC_Phase5\Release2010\Release2010.gdb\data\hydro_l" # 0 0 0</Process><Process ToolSource="C:\Program Files\ArcGIS\ArcToolbox\Toolboxes\Conversion Tools.tbx\FeatureClassToFeatureClass" Date="20100527" Time="162346">FeatureClassToFeatureClass "T:\CECGIS\ENGLISH\_in_progress\Basemap_Geodatabase\Archive\Andy's Corrected Basemap Geodatabase, May 19 2010\CECbase_2010a.gdb\base\hydro_l" "T:\CECGIS\ENGLISH\_in_progress\Basemap_Geodatabase\Archive\Basemap Geodatabase update, May 27 2010\CECbase_2010_v2.gdb\base" hydrography_rivers_l_v2 # "UIDENT 'UIDENT' true true false 8 Long 0 0 ,First,#,T:\CECGIS\ENGLISH\_in_progress\Basemap_Geodatabase\Archive\Andy's Corrected Basemap Geodatabase, May 19 2010\CECbase_2010a.gdb\base\hydro_l,UIDENT,-1,-1;TYPE 'TYPE' true true false 8 Long 0 0 ,First,#,T:\CECGIS\ENGLISH\_in_progress\Basemap_Geodatabase\Archive\Andy's Corrected Basemap Geodatabase, May 19 2010\CECbase_2010a.gdb\base\hydro_l,TYPE,-1,-1;COUNTRY 'COUNTRY' true true false 10 Text 0 0 ,First,#,T:\CECGIS\ENGLISH\_in_progress\Basemap_Geodatabase\Archive\Andy's Corrected Basemap Geodatabase, May 19 2010\CECbase_2010a.gdb\base\hydro_l,COUNTRY,-1,-1;NAMEEN 'NAMEEN' true true false 80 Text 0 0 ,First,#,T:\CECGIS\ENGLISH\_in_progress\Basemap_Geodatabase\Archive\Andy's Corrected Basemap Geodatabase, May 19 2010\CECbase_2010a.gdb\base\hydro_l,NAMEEN,-1,-1;NAMEFR 'NAMEFR' true true false 80 Text 0 0 ,First,#,T:\CECGIS\ENGLISH\_in_progress\Basemap_Geodatabase\Archive\Andy's Corrected Basemap Geodatabase, May 19 2010\CECbase_2010a.gdb\base\hydro_l,NAMEFR,-1,-1;NAMESP 'NAMESP' true true false 80 Text 0 0 ,First,#,T:\CECGIS\ENGLISH\_in_progress\Basemap_Geodatabase\Archive\Andy's Corrected Basemap Geodatabase, May 19 2010\CECbase_2010a.gdb\base\hydro_l,NAMESP,-1,-1;EDIT_DATE 'EDIT_DATE' true true false 8 Text 0 0 ,First,#,T:\CECGIS\ENGLISH\_in_progress\Basemap_Geodatabase\Archive\Andy's Corrected Basemap Geodatabase, May 19 2010\CECbase_2010a.gdb\base\hydro_l,EDIT_DATE,-1,-1;EDIT 'EDIT' true true false 3 Text 0 0 ,First,#,T:\CECGIS\ENGLISH\_in_progress\Basemap_Geodatabase\Archive\Andy's Corrected Basemap Geodatabase, May 19 2010\CECbase_2010a.gdb\base\hydro_l,EDIT,-1,-1;Shape_Length 'Shape_Length' false true true 8 Double 0 0 ,First,#,T:\CECGIS\ENGLISH\_in_progress\Basemap_Geodatabase\Archive\Andy's Corrected Basemap Geodatabase, May 19 2010\CECbase_2010a.gdb\base\hydro_l,Shape_Length,-1,-1" # "T:\CECGIS\ENGLISH\_in_progress\Basemap_Geodatabase\Archive\Basemap Geodatabase update, May 27 2010\CECbase_2010_v2.gdb\base\hydrography_rivers_l_v2"</Process><Process ToolSource="C:\Program Files\ArcGIS\ArcToolbox\Toolboxes\Data Management Tools.tbx\CopyFeatures" Date="20100527" Time="164149">CopyFeatures "T:\CECGIS\ENGLISH\_in_progress\Basemap_Geodatabase\Archive\Basemap Geodatabase update, May 27 2010\CECbase_2010_v2.gdb\base\hydrography_rivers_l_v2" "T:\CECGIS\ENGLISH\_in_progress\Basemap_Geodatabase\Shapefiles_of_Basemap_layers\Extracted from updated Geodatabase, May 27 2010\hydrography_rivers_l_v2.shp" # 0 0 0</Process><Process ToolSource="c:\program files (x86)\arcgis\desktop10.3\ArcToolbox\Toolboxes\Analysis Tools.tbx\Clip" Date="20190503" Time="150113">Clip "General Background\hydrography_l_rivers_v2" "General Background\Liard_Basins" "C:\Users\g7brown\Documents\School\Research\Liard Basin\1_Data\3_GISData\Rivers\Rivers_For_Figures.shp" #</Process></lineage><itemProps><itemName Sync="TRUE">Rivers_For_Figures</itemName><imsContentType Sync="TRUE">002</imsContentType><itemSize Sync="TRUE">0.000</itemSize><itemLocation><linkage Sync="TRUE">file://\\WATER37\C$\Users\g7brown\Documents\School\Research\Liard Basin\1_Data\3_GISData\Rivers\Rivers_For_Figures.shp</linkage><protocol Sync="TRUE">Local Area Network</protocol></itemLocation></itemProps><coordRef><type Sync="TRUE">Projected</type><geogcsn Sync="TRUE">GCS_Sphere_ARC_INFO</geogcsn><csUnits Sync="TRUE">Linear Unit: Meter (1.000000)</csUnits><projcsn Sync="TRUE">Sphere_ARC_INFO_Lambert_Azimuthal_Equal_Area</projcsn><peXml Sync="TRUE">&lt;ProjectedCoordinateSystem xsi:type='typens:ProjectedCoordinateSystem' xmlns:xsi='http://www.w3.org/2001/XMLSchema-instance' xmlns:xs='http://www.w3.org/2001/XMLSchema' xmlns:typens='http://www.esri.com/schemas/ArcGIS/10.3'&gt;&lt;WKT&gt;PROJCS[&amp;quot;Sphere_ARC_INFO_Lambert_Azimuthal_Equal_Area&amp;quot;,GEOGCS[&amp;quot;GCS_Sphere_ARC_INFO&amp;quot;,DATUM[&amp;quot;D_Sphere_ARC_INFO&amp;quot;,SPHEROID[&amp;quot;Sphere_ARC_INFO&amp;quot;,6370997.0,0.0]],PRIMEM[&amp;quot;Greenwich&amp;quot;,0.0],UNIT[&amp;quot;Degree&amp;quot;,0.0174532925199433]],PROJECTION[&amp;quot;Lambert_Azimuthal_Equal_Area&amp;quot;],PARAMETER[&amp;quot;False_Easting&amp;quot;,0.0],PARAMETER[&amp;quot;False_Northing&amp;quot;,0.0],PARAMETER[&amp;quot;Central_Meridian&amp;quot;,-100.0],PARAMETER[&amp;quot;Latitude_Of_Origin&amp;quot;,45.0],UNIT[&amp;quot;Meter&amp;quot;,1.0]]&lt;/WKT&gt;&lt;XOrigin&gt;-12742100&lt;/XOrigin&gt;&lt;YOrigin&gt;-12742100&lt;/YOrigin&gt;&lt;XYScale&gt;353442495.92849648&lt;/XYScale&gt;&lt;ZOrigin&gt;-100000&lt;/ZOrigin&gt;&lt;ZScale&gt;10000&lt;/ZScale&gt;&lt;MOrigin&gt;-100000&lt;/MOrigin&gt;&lt;MScale&gt;10000&lt;/MScale&gt;&lt;XYTolerance&gt;0.001&lt;/XYTolerance&gt;&lt;ZTolerance&gt;0.001&lt;/ZTolerance&gt;&lt;MTolerance&gt;0.001&lt;/MTolerance&gt;&lt;HighPrecision&gt;true&lt;/HighPrecision&gt;&lt;/ProjectedCoordinateSystem&gt;</peXml></coordRef></DataProperties><ArcGISFormat>1.0</ArcGISFormat></Esri><idinfo><citation><citeinfo><onlink Sync="TRUE">\\File\Maps\CECGIS\ENGLISH\_in_progress\Basemap_Geodatabase\Shapefiles_of_Basemap_layers\Extracted from updated Geodatabase, May 27 2010\hydrography_rivers_l_v2.shp</onlink><origin>REQUIRED: The name of an organization or individual that developed the data set.</origin><pubdate>REQUIRED: The date when the data set is published or otherwise made available for release.</pubdate><title Sync="TRUE">hydrography_rivers_l_v2</title><ftname Sync="TRUE">hydrography_rivers_l_v2</ftname><geoform Sync="TRUE">vector digital data</geoform></citeinfo></citation><native Sync="TRUE">Microsoft Windows XP Version 5.1 (Build 2600) Service Pack 3; ESRI ArcCatalog 9.3.1.3500</native><descript><langdata Sync="TRUE">en</langdata><abstract>REQUIRED: A brief narrative summary of the data set.</abstract><purpose>REQUIRED: A summary of the intentions with which the data set was developed.</purpose></descript><timeperd><current>REQUIRED: The basis on which the time period of content information is determined.</current><timeinfo><sngdate><caldate>REQUIRED: The year (and optionally month, or month and day) for which the data set corresponds to the ground.</caldate></sngdate></timeinfo></timeperd><status><progress>REQUIRED: The state of the data set.</progress><update>REQUIRED: The frequency with which changes and additions are made to the data set after the initial data set is completed.</update></status><spdom><bounding><westbc Sync="TRUE">-179.999993</westbc><eastbc Sync="TRUE">180.000007</eastbc><northbc Sync="TRUE">89.999173</northbc><southbc Sync="TRUE">-4.944152</southbc></bounding><lboundng><leftbc Sync="TRUE">-179.999993</leftbc><rightbc Sync="TRUE">180.000007</rightbc><bottombc Sync="TRUE">-4.944152</bottombc><topbc Sync="TRUE">89.999173</topbc></lboundng></spdom><keywords><theme><themekt>REQUIRED: Reference to a formally registered thesaurus or a similar authoritative source of theme keywords.</themekt><themekey>REQUIRED: Common-use word or phrase used to describe the subject of the data set.</themekey></theme></keywords><accconst>REQUIRED: Restrictions and legal prerequisites for accessing the data set.</accconst><useconst>REQUIRED: Restrictions and legal prerequisites for using the data set after access is granted.</useconst><natvform Sync="TRUE">Shapefile</natvform></idinfo><distInfo><distributor><distorTran><onLineSrc><linkage Sync="TRUE">file://\\File\Maps\CECGIS\ENGLISH\_in_progress\Basemap_Geodatabase\Shapefiles_of_Basemap_layers\Extracted from updated Geodatabase, May 27 2010\hydrography_rivers_l_v2.shp</linkage><protocol Sync="TRUE">Local Area Network</protocol><orDesc Sync="TRUE">002</orDesc></onLineSrc><transSize Sync="TRUE">0.000</transSize></distorTran><distorFormat><formatName Sync="TRUE">Shapefile</formatName></distorFormat></distributor><distFormat><formatName Sync="TRUE">Shapefile</formatName></distFormat><distTranOps><transSize Sync="TRUE">0.000</transSize></distTranOps></distInfo><dataqual><lineage><procstep><procdesc Sync="TRUE">Dataset copied.</procdesc><srcused Sync="TRUE">F:\D\WorkSpace\natatlas\NA Hydro Greg M 2006\geogratis\download\frameworkdata\North_America_Atlas10M\hydro_l</srcused><date Sync="TRUE">20060404</date><time Sync="TRUE">16115100</time></procstep><procstep><procdesc Sync="TRUE">Dataset copied.</procdesc><srcused Sync="TRUE">F:\D\WorkSpace\natatlas\NA Hydro Greg M 2006\geogratis\hydro_l</srcused><date Sync="TRUE">20060406</date><time Sync="TRUE">09104300</time></procstep><procstep><procdesc Sync="TRUE">Dataset copied.</procdesc><srcused Sync="TRUE">F:\D\WorkSpace\natatlas\Coastline &amp; Hydro reconciliation\hydro_l GeoGratis</srcused><date Sync="TRUE">20060406</date><time Sync="TRUE">09152000</time></procstep><procstep><procdesc Sync="TRUE">Dataset copied.</procdesc><srcused Sync="TRUE">F:\D\WorkSpace\natatlas\Coastline &amp; Hydro reconciliation\hydro_l GeoGratis with names</srcused><date Sync="TRUE">20060418</date><time Sync="TRUE">12230800</time></procstep><procstep><procdesc Sync="TRUE">Dataset copied.</procdesc><srcused Sync="TRUE">F:\D\WorkSpace\natatlas\Coastline &amp; Hydro reconciliation\hydro_l GeoGratis with names v2</srcused><date Sync="TRUE">20060523</date><time Sync="TRUE">14041100</time></procstep><procstep><procdesc Sync="TRUE">Dataset copied.</procdesc><srcused Sync="TRUE">c:\workspace\hydro\hydrol_h4</srcused><date Sync="TRUE">20060725</date><time Sync="TRUE">07422800</time></procstep><procstep><procdesc Sync="TRUE">Dataset copied.</procdesc><srcused Sync="TRUE">g:\amurray\na2006\work\hydrol_h5</srcused><date Sync="TRUE">20060726</date><time Sync="TRUE">10034600</time></procstep><procstep><procdesc Sync="TRUE">Dataset copied.</procdesc><srcused Sync="TRUE">c:\workspace\hydro\hydrol_h5</srcused><date Sync="TRUE">20060726</date><time Sync="TRUE">10052500</time></procstep><procstep><procdesc Sync="TRUE">Dataset copied.</procdesc><srcused Sync="TRUE">\\igsknjwwfs003\gis\atlas\work\original_national_atlas_data\national_atlas_datasets\water\hydro</srcused><date Sync="TRUE">20080707</date><time Sync="TRUE">12480900</time></procstep><procstep><procdesc Sync="TRUE">Dataset copied.</procdesc><srcused Sync="TRUE">\\W-BSC-A104229\E$\NA Atlas\a_wshed10m\NA_2009\National_Atlas_Work.gdb</srcused><procdate Sync="TRUE">20090827</procdate><proctime Sync="TRUE">15501000</proctime></procstep><procstep><procdesc Sync="TRUE">Dataset copied.</procdesc><srcused Sync="TRUE">\\W-BSC-A104229\E$\NA Atlas\a_wshed10m\NA_2009\National_Atlas_Work.gdb</srcused><procdate Sync="TRUE">20090827</procdate><proctime Sync="TRUE">17033700</proctime></procstep><procstep><procdesc Sync="TRUE">Dataset copied.</procdesc><srcused Sync="TRUE">\\W-BSC-A104229\E$\NA Atlas\a_wshed10m\NA_2009\National_Atlas_Work.gdb</srcused><procdate Sync="TRUE">20090827</procdate><proctime Sync="TRUE">17243200</proctime></procstep><procstep><procdesc Sync="TRUE">Dataset copied.</procdesc><srcused Sync="TRUE">\\W-BSC-A104229\E$\NA Atlas\a_wshed10m\NA_2009\NA_Atlas_20091105_USGS_Phase3\NA_Atlas_200911.gdb</srcused><procdate Sync="TRUE">20091202</procdate><proctime Sync="TRUE">15251400</proctime></procstep></lineage></dataqual><dataIdInfo><envirDesc Sync="TRUE">Microsoft Windows 7 Version 6.1 (Build 7601) Service Pack 1; Esri ArcGIS 10.3.1.4959</envirDesc><dataLang><languageCode Sync="TRUE" value="eng"></languageCode><countryCode value="USA" Sync="TRUE"></countryCode></dataLang><idCitation><resTitle Sync="TRUE">Rivers_For_Figures</resTitle><presForm><PresFormCd Sync="TRUE" value="005"></PresFormCd></presForm></idCitation><spatRpType><SpatRepTypCd Sync="TRUE" value="001"></SpatRepTypCd></spatRpType><dataExt><geoEle><GeoBndBox esriExtentType="native"><westBL Sync="TRUE">-179.999993</westBL><eastBL Sync="TRUE">180.000007</eastBL><northBL Sync="TRUE">89.999173</northBL><southBL Sync="TRUE">-4.944152</southBL><exTypeCode Sync="TRUE">1</exTypeCode></GeoBndBox></geoEle></dataExt><geoBox esriExtentType="decdegrees"><westBL Sync="TRUE">-179.999993</westBL><eastBL Sync="TRUE">180</eastBL><northBL Sync="TRUE">89.999173</northBL><southBL Sync="TRUE">-4.944152</southBL><exTypeCode Sync="TRUE">1</exTypeCode></geoBox></dataIdInfo><metainfo><langmeta Sync="TRUE">en</langmeta><metstdn Sync="TRUE">FGDC Content Standards for Digital Geospatial Metadata</metstdn><metstdv Sync="TRUE">FGDC-STD-001-1998</metstdv><mettc Sync="TRUE">local time</mettc><metc><cntinfo><cntorgp><cntper>REQUIRED: The person responsible for the metadata information.</cntper><cntorg>REQUIRED: The organization responsible for the metadata information.</cntorg></cntorgp><cntaddr><addrtype>REQUIRED: The mailing and/or physical address for the organization or individual.</addrtype><city>REQUIRED: The city of the address.</city><state>REQUIRED: The state or province of the address.</state><postal>REQUIRED: The ZIP or other postal code of the address.</postal></cntaddr><cntvoice>REQUIRED: The telephone number by which individuals can speak to the organization or individual.</cntvoice></cntinfo></metc><metd Sync="TRUE">20100527</metd></metainfo><mdLang><languageCode Sync="TRUE" value="eng"></languageCode><countryCode value="USA" Sync="TRUE"></countryCode></mdLang><mdStanName Sync="TRUE">ISO 19115 Geographic Information - Metadata</mdStanName><mdStanVer Sync="TRUE">DIS_ESRI1.0</mdStanVer><mdChar><CharSetCd Sync="TRUE" value="004"></CharSetCd></mdChar><mdHrLv><ScopeCd Sync="TRUE" value="005"></ScopeCd></mdHrLv><mdHrLvName Sync="TRUE">dataset</mdHrLvName><distinfo><resdesc Sync="TRUE">Downloadable Data</resdesc><stdorder><digform><digtinfo><transize Sync="TRUE">0.000</transize><dssize Sync="TRUE">0.000</dssize></digtinfo></digform></stdorder></distinfo><spdoinfo><direct Sync="TRUE">Vector</direct><ptvctinf><esriterm Name="Rivers_For_Figures"><efeatyp Sync="TRUE">Simple</efeatyp><efeageom code="3" Sync="TRUE"></efeageom><esritopo Sync="TRUE">FALSE</esritopo><efeacnt Sync="TRUE">0</efeacnt><spindex Sync="TRUE">FALSE</spindex><linrefer Sync="TRUE">TRUE</linrefer></esriterm></ptvctinf></spdoinfo><spref><horizsys><cordsysn><geogcsn Sync="TRUE">GCS_Sphere_ARC_INFO</geogcsn><projcsn Sync="TRUE">Sphere_ARC_INFO_Lambert_Azimuthal_Equal_Area</projcsn></cordsysn><geodetic><horizdn Sync="TRUE">D_Sphere_ARC_INFO</horizdn><ellips Sync="TRUE">Sphere_ARC_INFO</ellips><semiaxis Sync="TRUE">6370997.000000</semiaxis><denflat Sync="TRUE">infinity</denflat></geodetic><planar><planci><plance Sync="TRUE">coordinate pair</plance><plandu Sync="TRUE">meters</plandu><coordrep><absres Sync="TRUE">0.000000</absres><ordres Sync="TRUE">0.000000</ordres></coordrep></planci></planar></horizsys><vertdef><altsys><altenc Sync="TRUE">Explicit elevation coordinate included with horizontal coordinates</altenc><altres Sync="TRUE">0.000100</altres></altsys></vertdef></spref><refSysInfo><RefSystem><refSysID><identCode Sync="TRUE" code="0">Sphere_ARC_INFO_Lambert_Azimuthal_Equal_Area</identCode></refSysID></RefSystem></refSysInfo><spatRepInfo><VectSpatRep><geometObjs Name="Rivers_For_Figures"><geoObjTyp><GeoObjTypCd value="002" Sync="TRUE"></GeoObjTypCd></geoObjTyp><geoObjCnt Sync="TRUE">0</geoObjCnt></geometObjs><topLvl><TopoLevCd value="001" Sync="TRUE"></TopoLevCd></topLvl></VectSpatRep></spatRepInfo><eainfo><detailed Name="Rivers_For_Figures"><enttyp><enttypl Sync="TRUE">Rivers_For_Figures</enttypl><enttypt Sync="TRUE">Feature Class</enttypt><enttypc Sync="TRUE">0</enttypc></enttyp><attr><attrlabl Sync="TRUE">FID</attrlabl><attalias Sync="TRUE">FID</attalias><attrtype Sync="TRUE">OID</attrtype><attwidth Sync="TRUE">4</attwidth><atprecis Sync="TRUE">0</atprecis><attscale Sync="TRUE">0</attscale><attrdef Sync="TRUE">Internal feature number.</attrdef><attrdefs Sync="TRUE">ESRI</attrdefs><attrdomv><udom Sync="TRUE">Sequential unique whole numbers that are automatically generated.</udom></attrdomv></attr><attr><attrlabl Sync="TRUE">TYPE</attrlabl><attwidth Sync="TRUE">9</attwidth><atoutwid Sync="TRUE">11</atoutwid><attrtype Sync="TRUE">Integer</attrtype><attalias Sync="TRUE">TYPE</attalias><atprecis Sync="TRUE">9</atprecis><attscale Sync="TRUE">0</attscale></attr><attr><attrlabl Sync="TRUE">Shape</attrlabl><attalias Sync="TRUE">Shape</attalias><attrtype Sync="TRUE">Geometry</attrtype><attwidth Sync="TRUE">0</attwidth><atprecis Sync="TRUE">0</atprecis><attscale Sync="TRUE">0</attscale><attrdef Sync="TRUE">Feature geometry.</attrdef><attrdefs Sync="TRUE">ESRI</attrdefs><attrdomv><udom Sync="TRUE">Coordinates defining the features.</udom></attrdomv></attr><attr><attrlabl Sync="TRUE">UIDENT</attrlabl><attwidth Sync="TRUE">9</attwidth><atoutwid Sync="TRUE">11</atoutwid><attrtype Sync="TRUE">Integer</attrtype><attalias Sync="TRUE">UIDENT</attalias><atprecis Sync="TRUE">9</atprecis><attscale Sync="TRUE">0</attscale></attr><attr><attrlabl Sync="TRUE">COUNTRY</attrlabl><attwidth Sync="TRUE">10</attwidth><atoutwid Sync="TRUE">10</atoutwid><attrtype Sync="TRUE">String</attrtype><attalias Sync="TRUE">COUNTRY</attalias><atprecis Sync="TRUE">0</atprecis><attscale Sync="TRUE">0</attscale></attr><attr><attrlabl Sync="TRUE">NAMEFR</attrlabl><attwidth Sync="TRUE">80</attwidth><atoutwid Sync="TRUE">80</atoutwid><attrtype Sync="TRUE">String</attrtype><attalias Sync="TRUE">NAMEFR</attalias><atprecis Sync="TRUE">0</atprecis><attscale Sync="TRUE">0</attscale></attr><attr><attrlabl Sync="TRUE">NAMEEN</attrlabl><attwidth Sync="TRUE">80</attwidth><atoutwid Sync="TRUE">80</atoutwid><attrtype Sync="TRUE">String</attrtype><attalias Sync="TRUE">NAMEEN</attalias><atprecis Sync="TRUE">0</atprecis><attscale Sync="TRUE">0</attscale></attr><attr><attrlabl Sync="TRUE">NAMESP</attrlabl><attwidth Sync="TRUE">80</attwidth><atoutwid Sync="TRUE">80</atoutwid><attrtype Sync="TRUE">String</attrtype><attalias Sync="TRUE">NAMESP</attalias><atprecis Sync="TRUE">0</atprecis><attscale Sync="TRUE">0</attscale></attr><attr><attrlabl Sync="TRUE">EDIT_DATE</attrlabl><attalias Sync="TRUE">EDIT_DATE</attalias><attrtype Sync="TRUE">String</attrtype><attwidth Sync="TRUE">8</attwidth><atprecis Sync="TRUE">0</atprecis><attscale Sync="TRUE">0</attscale></attr><attr><attrlabl Sync="TRUE">EDIT</attrlabl><attalias Sync="TRUE">EDIT</attalias><attrtype Sync="TRUE">String</attrtype><attwidth Sync="TRUE">3</attwidth><atprecis Sync="TRUE">0</atprecis><attscale Sync="TRUE">0</attscale></attr><attr><attrlabl Sync="TRUE">Shape_Leng</attrlabl><attalias Sync="TRUE">Shape_Leng</attalias><attrtype Sync="TRUE">Double</attrtype><attwidth Sync="TRUE">19</attwidth><atprecis Sync="TRUE">0</atprecis><attscale Sync="TRUE">0</attscale></attr></detailed><detailed Name="hydro.pat"><enttyp><enttypl Sync="TRUE">hydro.pat</enttypl><enttypt Sync="TRUE">Feature Class</enttypt><enttypc Sync="TRUE">4021</enttypc></enttyp><attr><attrlabl Sync="TRUE">FID</attrlabl><attalias Sync="TRUE">FID</attalias><attrtype Sync="TRUE">OID</attrtype><attwidth Sync="TRUE">4</attwidth><atprecis Sync="TRUE">0</atprecis><attscale Sync="TRUE">0</attscale><attrdef Sync="TRUE">Internal feature number.</attrdef><attrdefs Sync="TRUE">ESRI</attrdefs><attrdomv><udom Sync="TRUE">Sequential unique whole numbers that are automatically generated.</udom></attrdomv></attr><attr><attrlabl Sync="TRUE">Shape</attrlabl><attalias Sync="TRUE">Shape</attalias><attrtype Sync="TRUE">Number</attrtype><attwidth Sync="TRUE">9</attwidth><attrdef Sync="TRUE">Feature geometry.</attrdef><attrdefs Sync="TRUE">ESRI</attrdefs><attrdomv><udom Sync="TRUE">Coordinates defining the features.</udom></attrdomv></attr><attr><attrlabl Sync="TRUE">AREA</attrlabl><attwidth Sync="TRUE">8</attwidth><atoutwid Sync="TRUE">18</atoutwid><attrtype Sync="TRUE">Float</attrtype><atnumdec Sync="TRUE">5</atnumdec><attrdef Sync="TRUE">Area of feature in internal units squared.</attrdef><attrdefs Sync="TRUE">ESRI</attrdefs><attrdomv><udom Sync="TRUE">Positive real numbers that are automatically generated.</udom></attrdomv></attr><attr><attrlabl Sync="TRUE">PERIMETER</attrlabl><attwidth Sync="TRUE">9</attwidth><atoutwid Sync="TRUE">18</atoutwid><attrtype Sync="TRUE">Number</attrtype><attrdef Sync="TRUE">Perimeter of feature in internal units.</attrdef><attrdefs Sync="TRUE">ESRI</attrdefs><attrdomv><udom Sync="TRUE">Positive real numbers that are automatically generated.</udom></attrdomv></attr><attr><attrlabl Sync="TRUE">HYDRO#</attrlabl><attwidth Sync="TRUE">10</attwidth><atoutwid Sync="TRUE">5</atoutwid><attrtype Sync="TRUE">String</attrtype><attrdef Sync="TRUE">Internal feature number.</attrdef><attrdefs Sync="TRUE">ESRI</attrdefs><attrdomv><udom Sync="TRUE">Sequential unique whole numbers that are automatically generated.</udom></attrdomv></attr><attr><attrlabl Sync="TRUE">HYDRO-ID</attrlabl><attwidth Sync="TRUE">80</attwidth><atoutwid Sync="TRUE">5</atoutwid><attrtype Sync="TRUE">String</attrtype><attrdef Sync="TRUE">User-defined feature number.</attrdef><attrdefs Sync="TRUE">ESRI</attrdefs></attr><attr><attrlabl Sync="TRUE">UIDENT</attrlabl><attwidth Sync="TRUE">80</attwidth><atoutwid Sync="TRUE">8</atoutwid><attrtype Sync="TRUE">String</attrtype></attr><attr><attrlabl Sync="TRUE">TYPE</attrlabl><attwidth Sync="TRUE">80</attwidth><atoutwid Sync="TRUE">8</atoutwid><attrtype Sync="TRUE">String</attrtype></attr><attr><attrlabl Sync="TRUE">COUNTRY</attrlabl><attwidth Sync="TRUE">8</attwidth><atoutwid Sync="TRUE">15</atoutwid><attrtype Sync="TRUE">String</attrtype></attr><attr><attrlabl Sync="TRUE">NAMEEN</attrlabl><attwidth Sync="TRUE">3</attwidth><atoutwid Sync="TRUE">80</atoutwid><attrtype Sync="TRUE">String</attrtype></attr><attr><attrlabl Sync="TRUE">NAMESP</attrlabl><attwidth Sync="TRUE">19</attwidth><atoutwid Sync="TRUE">80</atoutwid><attrtype Sync="TRUE">Float</attrtype><atnumdec Sync="TRUE">11</atnumdec></attr><attr><attrlabl Sync="TRUE">NAMEFR</attrlabl><attwidth Sync="TRUE">80</attwidth><atoutwid Sync="TRUE">80</atoutwid><attrtype Sync="TRUE">Character</attrtype></attr></detailed><detailed Name="hydro.nat"><enttyp><enttypl Sync="TRUE">hydro.nat</enttypl><enttypt Sync="TRUE">Feature Class</enttypt><enttypc Sync="TRUE">10008</enttypc></enttyp><attr><attrlabl Sync="TRUE">FID</attrlabl><attalias Sync="TRUE">FID</attalias><attrtype Sync="TRUE">OID</attrtype><attwidth Sync="TRUE">4</attwidth><atprecis Sync="TRUE">0</atprecis><attscale Sync="TRUE">0</attscale><attrdef Sync="TRUE">Internal feature number.</attrdef><attrdefs Sync="TRUE">ESRI</attrdefs><attrdomv><udom Sync="TRUE">Sequential unique whole numbers that are automatically generated.</udom></attrdomv></attr><attr><attrlabl Sync="TRUE">Shape</attrlabl><attalias Sync="TRUE">Shape</attalias><attrtype Sync="TRUE">Number</attrtype><attwidth Sync="TRUE">9</attwidth><attrdef Sync="TRUE">Feature geometry.</attrdef><attrdefs Sync="TRUE">ESRI</attrdefs><attrdomv><udom Sync="TRUE">Coordinates defining the features.</udom></attrdomv></attr><attr><attrlabl Sync="TRUE">ARC#</attrlabl><attwidth Sync="TRUE">4</attwidth><atoutwid Sync="TRUE">5</atoutwid><attrtype Sync="TRUE">Binary</attrtype></attr><attr><attrlabl Sync="TRUE">HYDRO#</attrlabl><attwidth Sync="TRUE">9</attwidth><atoutwid Sync="TRUE">5</atoutwid><attrtype Sync="TRUE">Number</attrtype><attrdef Sync="TRUE">Internal feature number.</attrdef><attrdefs Sync="TRUE">ESRI</attrdefs><attrdomv><udom Sync="TRUE">Sequential unique whole numbers that are automatically generated.</udom></attrdomv></attr><attr><attrlabl Sync="TRUE">HYDRO-ID</attrlabl><attwidth Sync="TRUE">10</attwidth><atoutwid Sync="TRUE">5</atoutwid><attrtype Sync="TRUE">String</attrtype><attrdef Sync="TRUE">User-defined feature number.</attrdef><attrdefs Sync="TRUE">ESRI</attrdefs></attr><attr><attrlabl Sync="TRUE">X-COORD</attrlabl><attwidth Sync="TRUE">80</attwidth><atoutwid Sync="TRUE">18</atoutwid><attrtype Sync="TRUE">String</attrtype></attr><attr><attrlabl Sync="TRUE">Y-COORD</attrlabl><attwidth Sync="TRUE">80</attwidth><atoutwid Sync="TRUE">18</atoutwid><attrtype Sync="TRUE">String</attrtype></attr><attr><atnumdec/></attr></detailed></eainfo><mdDateSt Sync="TRUE">20190503</mdDateSt></metadata>
