observed data series,filename,DIAG_NASH_SUTCLIFFE,DIAG_RMSE,DIAG_PCT_BIAS,DIAG_KLING_GUPTA,
HYDROGRAPH,data_obs\10AA001.rvt,0.844131,167.025,4.2372,0.900631,
HYDROGRAPH,data_obs\10AA004.rvt,0.676619,38.291,-1.70824,0.830929,
HYDROGRAPH,data_obs\10AB001.rvt,0.710202,101.239,-12.983,0.791367,
HYDROGRAPH,data_obs\10AC002.rvt,0.761084,66.9236,2.29411,0.826103,
HYDROGRAPH,data_obs\10AC006.rvt,0.796887,97.7523,7.41307,0.86392,
HYDROGRAPH,data_obs\10AD001.rvt,0.821676,81.3356,-10.8614,0.756009,
HYDROGRAPH,data_obs\10AD002.rvt,0.666997,38.186,-19.8472,0.659758,
HYDROGRAPH,data_obs\10BA001.rvt,0.710861,63.705,4.29358,0.801801,
HYDROGRAPH,data_obs\10BB001.rvt,0.742665,124.117,17.051,0.807797,
HYDROGRAPH,data_obs\10BB002.rvt,0.791464,72.666,-0.194996,0.851674,
HYDROGRAPH,data_obs\10BC001.rvt,0.631028,73.2139,11.197,0.789925,
HYDROGRAPH,data_obs\10BD001.rvt,0.513376,69.6988,-10.3693,0.611626,
HYDROGRAPH,data_obs\10BE001.rvt,0.862878,449.468,5.05491,0.912603,
HYDROGRAPH,data_obs\10BE004.rvt,0.867163,18.2096,-8.99649,0.882383,
HYDROGRAPH,data_obs\10BE005.rvt,0.828006,650.508,-7.92951,0.800066,
HYDROGRAPH,data_obs\10BE006.rvt,0.883818,265.516,4.06936,0.923678,
HYDROGRAPH,data_obs\10BE010.rvt,0.690567,72.7475,-5.27791,0.738878,
HYDROGRAPH,data_obs\10BE012.rvt,0.581116,25.0183,7.42038,0.725408,
HYDROGRAPH,data_obs\10BE013.rvt,-0.148587,14.9618,2.68451,0.37476,
HYDROGRAPH,data_obs\10CA001.rvt,0.41656,60.0816,15.1782,0.614719,
HYDROGRAPH,data_obs\10CB001.rvt,0.433805,26.9627,6.86824,0.707327,
HYDROGRAPH,data_obs\10CC002.rvt,0.340952,224.005,18.77,0.561743,
HYDROGRAPH,data_obs\10CD001.rvt,0.666959,192.381,7.05684,0.734399,
HYDROGRAPH,data_obs\10EA003.rvt,0.466947,79.5487,-6.09154,0.740164,
HYDROGRAPH,data_obs\10EB001.rvt,0.664281,171.575,-3.63824,0.827013,
HYDROGRAPH,data_obs\10EC001.rvt,0.624298,272.068,2.44471,0.761902,
HYDROGRAPH,data_obs\10ED001.rvt,0.807427,887.772,9.25848,0.828614,
HYDROGRAPH,data_obs\10ED002.rvt,0.713621,1319.04,9.44941,0.831987,
HYDROGRAPH,data_obs\10ED008.rvt,0.738646,1087.7,11.7441,0.841495,
