Snow Course Name, Number, Elev. metres, Date of Survey, Snow Depth cm, Water Equiv. mm,  Survey Code, Snow Line Elev. m, Snow Line Code, % of Normal, Density %, Survey Period, Normal mm
FORT NELSON AIRPORT,4C05,380,1/1/1966,33,43,,,,75,13,1-Jan,57
FORT NELSON AIRPORT,4C05,380,2/1/1966,36,107,,,,141,30,1-Feb,76
FORT NELSON AIRPORT,4C05,380,3/1/1966,46,79,,,,86,17,1-Mar,92
FORT NELSON AIRPORT,4C05,380,4/1/1966,13,36,,,,38,28,1-Apr,94
FORT NELSON AIRPORT,4C05,380,5/1/1966,0,0,,,,0,,1-May,12
FORT NELSON AIRPORT,4C05,380,1/1/1967,48,58,,,,102,12,1-Jan,57
FORT NELSON AIRPORT,4C05,380,2/1/1967,61,71,,,,93,12,1-Feb,76
FORT NELSON AIRPORT,4C05,380,3/1/1967,79,114,,,,124,14,1-Mar,92
FORT NELSON AIRPORT,4C05,380,4/1/1967,86,198,,,,211,23,1-Apr,94
FORT NELSON AIRPORT,4C05,380,5/1/1967,25,81,,,,675,32,1-May,12
FORT NELSON AIRPORT,4C05,380,5/15/1967,0,0,,,,0,,15-May,1
FORT NELSON AIRPORT,4C05,380,1/1/1968,15,36,,,,63,24,1-Jan,57
FORT NELSON AIRPORT,4C05,380,2/1/1968,51,99,,,,130,19,1-Feb,76
FORT NELSON AIRPORT,4C05,380,3/1/1968,43,76,,,,83,18,1-Mar,92
FORT NELSON AIRPORT,4C05,380,4/1/1968,41,89,,,,95,22,1-Apr,94
FORT NELSON AIRPORT,4C05,380,5/1/1968,0,0,,,,0,,1-May,12
FORT NELSON AIRPORT,4C05,380,2/1/1969,53,79,,,,104,15,1-Feb,76
FORT NELSON AIRPORT,4C05,380,3/1/1969,51,94,,,,102,18,1-Mar,92
FORT NELSON AIRPORT,4C05,380,4/1/1969,58,69,,,,73,12,1-Apr,94
FORT NELSON AIRPORT,4C05,380,5/1/1969,0,0,,,,0,,1-May,12
FORT NELSON AIRPORT,4C05,380,1/1/1970,28,38,,,,67,14,1-Jan,57
FORT NELSON AIRPORT,4C05,380,2/1/1970,46,84,,,,111,18,1-Feb,76
FORT NELSON AIRPORT,4C05,380,3/1/1970,43,79,,,,86,18,1-Mar,92
FORT NELSON AIRPORT,4C05,380,4/1/1970,18,61,,,,65,34,1-Apr,94
FORT NELSON AIRPORT,4C05,380,5/1/1970,0,0,,,,0,,1-May,12
FORT NELSON AIRPORT,4C05,380,1/1/1971,33,48,,,,84,15,1-Jan,57
FORT NELSON AIRPORT,4C05,380,2/1/1971,56,81,,,,107,14,1-Feb,76
FORT NELSON AIRPORT,4C05,380,3/1/1971,61,99,,,,108,16,1-Mar,92
FORT NELSON AIRPORT,4C05,380,4/1/1971,48,81,,,,86,17,1-Apr,94
FORT NELSON AIRPORT,4C05,380,5/1/1971,0,0,,,,0,,1-May,12
FORT NELSON AIRPORT,4C05,380,1/1/1972,43,66,,,,116,15,1-Jan,57
FORT NELSON AIRPORT,4C05,380,2/1/1972,51,97,,,,128,19,1-Feb,76
FORT NELSON AIRPORT,4C05,380,3/1/1972,66,114,,,,124,17,1-Mar,92
FORT NELSON AIRPORT,4C05,380,4/1/1972,63,97,,,,103,15,1-Apr,94
FORT NELSON AIRPORT,4C05,380,5/1/1972,23,48,,,,400,21,1-May,12
FORT NELSON AIRPORT,4C05,380,5/15/1972,0,0,,,,0,,15-May,1
FORT NELSON AIRPORT,4C05,380,1/1/1973,28,53,,,,93,19,1-Jan,57
FORT NELSON AIRPORT,4C05,380,2/1/1973,51,102,,,,134,20,1-Feb,76
FORT NELSON AIRPORT,4C05,380,3/1/1973,63,114,,,,124,18,1-Mar,92
FORT NELSON AIRPORT,4C05,380,3/29/1973,51,104,,,,111,20,1-Apr,94
FORT NELSON AIRPORT,4C05,380,5/1/1973,0,0,,,,0,,1-May,12
FORT NELSON AIRPORT,4C05,380,1/1/1974,46,71,,,,125,15,1-Jan,57
FORT NELSON AIRPORT,4C05,380,2/1/1974,71,81,,,,107,11,1-Feb,76
FORT NELSON AIRPORT,4C05,380,2/28/1974,66,117,,,,127,18,1-Mar,92
FORT NELSON AIRPORT,4C05,380,4/1/1974,76,81,,,,86,11,1-Apr,94
FORT NELSON AIRPORT,4C05,380,5/1/1974,10,15,,,,125,15,1-May,12
FORT NELSON AIRPORT,4C05,380,1/1/1975,18,20,,,,35,11,1-Jan,57
FORT NELSON AIRPORT,4C05,380,2/1/1975,33,48,,,,63,15,1-Feb,76
FORT NELSON AIRPORT,4C05,380,3/1/1975,28,58,,,,63,21,1-Mar,92
FORT NELSON AIRPORT,4C05,380,4/1/1975,38,89,A,,,95,23,1-Apr,94
FORT NELSON AIRPORT,4C05,380,5/1/1975,0,0,,,,0,,1-May,12
FORT NELSON AIRPORT,4C05,380,1/1/1976,46,69,,,,121,15,1-Jan,57
FORT NELSON AIRPORT,4C05,380,2/1/1976,41,69,,,,91,17,1-Feb,76
FORT NELSON AIRPORT,4C05,380,3/1/1976,51,102,,,,111,20,1-Mar,92
FORT NELSON AIRPORT,4C05,380,4/1/1976,48,104,,,,111,22,1-Apr,94
FORT NELSON AIRPORT,4C05,380,5/4/1976,0,0,,,,0,,1-May,12
FORT NELSON AIRPORT,4C05,380,1/1/1977,28,41,,,,72,15,1-Jan,57
FORT NELSON AIRPORT,4C05,380,2/1/1977,41,81,,,,107,20,1-Feb,76
FORT NELSON AIRPORT,4C05,380,3/1/1977,43,91,,,,99,21,1-Mar,92
FORT NELSON AIRPORT,4C05,380,4/1/1977,51,102,,,,109,20,1-Apr,94
FORT NELSON AIRPORT,4C05,380,5/1/1977,0,0,,,,0,,1-May,12
FORT NELSON AIRPORT,4C05,380,1/1/1978,36,69,,,,121,19,1-Jan,57
FORT NELSON AIRPORT,4C05,380,2/1/1978,38,84,,,,111,22,1-Feb,76
FORT NELSON AIRPORT,4C05,380,3/1/1978,43,104,,,,113,24,1-Mar,92
FORT NELSON AIRPORT,4C05,380,4/1/1978,53,132,,,,140,25,1-Apr,94
FORT NELSON AIRPORT,4C05,380,5/1/1978,0,0,,,,0,,1-May,12
FORT NELSON AIRPORT,4C05,380,1/1/1979,28,56,,,,98,20,1-Jan,57
FORT NELSON AIRPORT,4C05,380,2/1/1979,38,63,,,,83,17,1-Feb,76
FORT NELSON AIRPORT,4C05,380,3/1/1979,58,108,,,,117,19,1-Mar,92
FORT NELSON AIRPORT,4C05,380,4/1/1979,49,140,,,,149,29,1-Apr,94
FORT NELSON AIRPORT,4C05,380,5/1/1979,0,0,,,,0,,1-May,12
FORT NELSON AIRPORT,4C05,380,1/1/1980,22,47,,,,82,21,1-Jan,57
FORT NELSON AIRPORT,4C05,380,2/1/1980,36,76,,,,100,21,1-Feb,76
FORT NELSON AIRPORT,4C05,380,3/1/1980,40,87,,,,95,22,1-Mar,92
FORT NELSON AIRPORT,4C05,380,4/1/1980,33,120,,,,128,36,1-Apr,94
FORT NELSON AIRPORT,4C05,380,5/1/1980,0,0,,,,0,,1-May,12
FORT NELSON AIRPORT,4C05,380,1/1/1981,39,85,,,,149,22,1-Jan,57
FORT NELSON AIRPORT,4C05,380,2/2/1981,36,68,,,,89,19,1-Feb,76
FORT NELSON AIRPORT,4C05,380,3/1/1981,40,100,A,,,109,25,1-Mar,92
FORT NELSON AIRPORT,4C05,380,4/1/1981,24,62,,,,66,26,1-Apr,94
FORT NELSON AIRPORT,4C05,380,5/1/1981,0,0,,,,0,,1-May,12
FORT NELSON AIRPORT,4C05,380,1/1/1982,40,82,A,,,144,20,1-Jan,57
FORT NELSON AIRPORT,4C05,380,2/1/1982,62,128,,,,168,21,1-Feb,76
FORT NELSON AIRPORT,4C05,380,3/1/1982,74,177,A,,,192,24,1-Mar,92
FORT NELSON AIRPORT,4C05,380,4/1/1982,67,197,A,,,210,29,1-Apr,94
FORT NELSON AIRPORT,4C05,380,5/4/1982,43,103,A,,,858,24,1-May,12
FORT NELSON AIRPORT,4C05,380,1/1/1983,43,90,,,,158,21,1-Jan,57
FORT NELSON AIRPORT,4C05,380,2/1/1983,48,89,,,,117,19,1-Feb,76
FORT NELSON AIRPORT,4C05,380,3/1/1983,55,95,,,,103,17,1-Mar,92
FORT NELSON AIRPORT,4C05,380,4/1/1983,55,78,,,,83,14,1-Apr,94
FORT NELSON AIRPORT,4C05,380,5/1/1983,0,0,,,,0,,1-May,12
FORT NELSON AIRPORT,4C05,380,1/1/1984,19,32,,,,56,17,1-Jan,57
FORT NELSON AIRPORT,4C05,380,2/1/1984,31,54,,,,71,17,1-Feb,76
FORT NELSON AIRPORT,4C05,380,3/1/1984,32,52,,,,57,16,1-Mar,92
FORT NELSON AIRPORT,4C05,380,4/1/1984,19,44,,,,47,23,1-Apr,94
FORT NELSON AIRPORT,4C05,380,5/1/1984,0,0,,,,0,,1-May,12
FORT NELSON AIRPORT,4C05,380,1/1/1985,48,51,,,,89,11,1-Jan,57
FORT NELSON AIRPORT,4C05,380,1/26/1985,49,100,,,,132,20,1-Feb,76
FORT NELSON AIRPORT,4C05,380,3/1/1985,70,109,,,,118,16,1-Mar,92
FORT NELSON AIRPORT,4C05,380,4/1/1985,55,97,,,,103,18,1-Apr,94
FORT NELSON AIRPORT,4C05,380,5/2/1985,0,0,,,,0,,1-May,12
FORT NELSON AIRPORT,4C05,380,1/1/1986,27,66,,,,116,24,1-Jan,57
FORT NELSON AIRPORT,4C05,380,2/1/1986,48,86,,,,113,18,1-Feb,76
FORT NELSON AIRPORT,4C05,380,3/1/1986,42,82,,,,89,20,1-Mar,92
FORT NELSON AIRPORT,4C05,380,4/3/1986,45,85,,,,90,19,1-Apr,94
FORT NELSON AIRPORT,4C05,380,5/1/1986,1,3,,,,25,30,1-May,12
FORT NELSON AIRPORT,4C05,380,5/15/1986,5,16,,,,1600,32,15-May,1
FORT NELSON AIRPORT,4C05,380,1/1/1987,36,56,,,,98,16,1-Jan,57
FORT NELSON AIRPORT,4C05,380,2/1/1987,44,78,,,,103,18,1-Feb,76
FORT NELSON AIRPORT,4C05,380,3/1/1987,57,112,,,,122,20,1-Mar,92
FORT NELSON AIRPORT,4C05,380,4/2/1987,45,83,,,,88,18,1-Apr,94
FORT NELSON AIRPORT,4C05,380,5/1/1987,0,0,,,,0,,1-May,12
FORT NELSON AIRPORT,4C05,380,5/15/1987,0,0,,,,0,,15-May,1
FORT NELSON AIRPORT,4C05,380,1/1/1988,23,34,,,,60,15,1-Jan,57
FORT NELSON AIRPORT,4C05,380,2/1/1988,39,58,,,,76,15,1-Feb,76
FORT NELSON AIRPORT,4C05,380,3/1/1988,37,73,,,,79,20,1-Mar,92
FORT NELSON AIRPORT,4C05,380,4/1/1988,30,65,A,,,69,22,1-Apr,94
FORT NELSON AIRPORT,4C05,380,5/2/1988,24,48,,,,400,20,1-May,12
FORT NELSON AIRPORT,4C05,380,5/15/1988,0,0,,,,0,,15-May,1
FORT NELSON AIRPORT,4C05,380,1/1/1989,48,112,,,,196,23,1-Jan,57
FORT NELSON AIRPORT,4C05,380,2/1/1989,61,125,,,,164,20,1-Feb,76
FORT NELSON AIRPORT,4C05,380,3/1/1989,50,135,,,,147,27,1-Mar,92
FORT NELSON AIRPORT,4C05,380,3/31/1989,71,194,,,,206,27,1-Apr,94
FORT NELSON AIRPORT,4C05,380,5/1/1989,0,0,,,,0,,1-May,12
FORT NELSON AIRPORT,4C05,380,5/15/1989,0,0,,,,0,,15-May,1
FORT NELSON AIRPORT,4C05,380,1/3/1990,37,68,,,,119,18,1-Jan,57
FORT NELSON AIRPORT,4C05,380,1/31/1990,45,88,,,,116,20,1-Feb,76
FORT NELSON AIRPORT,4C05,380,3/1/1990,40,76,,,,83,19,1-Mar,92
FORT NELSON AIRPORT,4C05,380,4/1/1990,26,55,A,,,59,21,1-Apr,94
FORT NELSON AIRPORT,4C05,380,5/2/1990,0,0,,,,0,,1-May,12
FORT NELSON AIRPORT,4C05,380,5/15/1990,0,0,,,,0,,15-May,1
FORT NELSON AIRPORT,4C05,380,1/3/1991,38,63,,,,111,17,1-Jan,57
FORT NELSON AIRPORT,4C05,380,2/1/1991,38,76,,,,100,20,1-Feb,76
FORT NELSON AIRPORT,4C05,380,3/1/1991,45,100,,,,109,22,1-Mar,92
FORT NELSON AIRPORT,4C05,380,4/5/1991,33,76,,,,81,23,1-Apr,94
FORT NELSON AIRPORT,4C05,380,5/1/1991,0,0,,,,0,,1-May,12
FORT NELSON AIRPORT,4C05,380,5/15/1991,0,0,,,,0,,15-May,1
FORT NELSON AIRPORT,4C05,380,1/2/1992,44,92,,,,161,21,1-Jan,57
FORT NELSON AIRPORT,4C05,380,1/31/1992,53,85,,,,112,16,1-Feb,76
FORT NELSON AIRPORT,4C05,380,3/6/1992,50,122,,,,133,24,1-Mar,92
FORT NELSON AIRPORT,4C05,380,4/2/1992,28,84,,,,89,30,1-Apr,94
FORT NELSON AIRPORT,4C05,380,4/29/1992,0,0,,,,0,,1-May,12
FORT NELSON AIRPORT,4C05,380,5/15/1992,0,0,,,,0,,15-May,1
FORT NELSON AIRPORT,4C05,380,1/2/1993,27,49,,,,86,18,1-Jan,57
FORT NELSON AIRPORT,4C05,380,2/3/1993,29,54,,,,71,19,1-Feb,76
FORT NELSON AIRPORT,4C05,380,2/28/1993,29,59,,,,64,20,1-Mar,92
FORT NELSON AIRPORT,4C05,380,3/31/1993,15,36,,,,38,24,1-Apr,94
FORT NELSON AIRPORT,4C05,380,5/1/1993,0,0,,,,0,,1-May,12
FORT NELSON AIRPORT,4C05,380,5/15/1993,0,0,,,,0,,15-May,1
FORT NELSON AIRPORT,4C05,380,12/30/1993,32,36,,,,63,11,1-Jan,57
FORT NELSON AIRPORT,4C05,380,1/30/1994,56,111,,,,146,20,1-Feb,76
FORT NELSON AIRPORT,4C05,380,3/1/1994,64,123,,,,134,19,1-Mar,92
FORT NELSON AIRPORT,4C05,380,4/1/1994,27,91,,,,97,34,1-Apr,94
FORT NELSON AIRPORT,4C05,380,4/29/1994,0,0,,,,0,,1-May,12
FORT NELSON AIRPORT,4C05,380,5/13/1994,0,0,,,,0,,15-May,1
FORT NELSON AIRPORT,4C05,380,1/1/1995,26,50,,,,88,19,1-Jan,57
FORT NELSON AIRPORT,4C05,380,1/29/1995,29,50,,,,66,17,1-Feb,76
FORT NELSON AIRPORT,4C05,380,2/28/1995,46,95,,,,103,21,1-Mar,92
FORT NELSON AIRPORT,4C05,380,3/30/1995,42,102,,,,109,24,1-Apr,94
FORT NELSON AIRPORT,4C05,380,4/28/1995,0,0,,,,0,,1-May,12
FORT NELSON AIRPORT,4C05,380,5/15/1995,0,0,,,,0,,15-May,1
FORT NELSON AIRPORT,4C05,380,1/6/1996,55,101,,,,177,18,1-Jan,57
FORT NELSON AIRPORT,4C05,380,2/27/1996,62,140,,,,152,23,1-Mar,92
FORT NELSON AIRPORT,4C05,380,3/31/1996,69,186,,,,198,27,1-Apr,94
FORT NELSON AIRPORT,4C05,380,4/27/1996,19,40,,,,333,21,1-May,12
FORT NELSON AIRPORT,4C05,380,12/30/1996,38,59,,,,104,16,1-Jan,57
FORT NELSON AIRPORT,4C05,380,2/1/1997,46,77,,,,101,17,1-Feb,76
FORT NELSON AIRPORT,4C05,380,3/1/1997,50,92,,,,100,18,1-Mar,92
FORT NELSON AIRPORT,4C05,380,3/28/1997,56,104,,,,111,19,1-Apr,94
FORT NELSON AIRPORT,4C05,380,12/29/1997,16,27,,,,47,17,1-Jan,57
FORT NELSON AIRPORT,4C05,380,1/31/1998,25,43,,,,57,17,1-Feb,76
FORT NELSON AIRPORT,4C05,380,3/1/1998,28,47,,,,51,17,1-Mar,92
FORT NELSON AIRPORT,4C05,380,3/30/1998,11,23,,,,24,21,1-Apr,94
FORT NELSON AIRPORT,4C05,380,1/31/1999,41,67,,,,88,16,1-Feb,76
FORT NELSON AIRPORT,4C05,380,3/2/1999,47,95,,,,103,20,1-Mar,92
FORT NELSON AIRPORT,4C05,380,4/1/1999,30,84,,,,89,28,1-Apr,94
FORT NELSON AIRPORT,4C05,380,1/2/2000,32,47,,,,82,15,1-Jan,57
FORT NELSON AIRPORT,4C05,380,1/31/2000,34,63,,,,83,19,1-Feb,76
FORT NELSON AIRPORT,4C05,380,2/28/2000,40,70,,,,76,18,1-Mar,92
FORT NELSON AIRPORT,4C05,380,3/30/2000,20,46,,,,49,23,1-Apr,94
FORT NELSON AIRPORT,4C05,380,1/2/2001,18,26,,,,46,14,1-Jan,57
FORT NELSON AIRPORT,4C05,380,1/31/2001,24,35,,,,46,15,1-Feb,76
FORT NELSON AIRPORT,4C05,380,2/28/2001,25,40,,,,43,16,1-Mar,92
FORT NELSON AIRPORT,4C05,380,3/31/2001,26,44,,,,47,17,1-Apr,94
FORT NELSON AIRPORT,4C05,380,12/31/2001,48,85,,,,149,18,1-Jan,57
FORT NELSON AIRPORT,4C05,380,1/31/2002,57,102,,,,134,18,1-Feb,76
FORT NELSON AIRPORT,4C05,380,2/28/2002,60,124,,,,135,21,1-Mar,92
FORT NELSON AIRPORT,4C05,380,4/1/2002,70,150,,,,160,21,1-Apr,94
FORT NELSON AIRPORT,4C05,380,1/1/2003,26,47,,,,82,18,1-Jan,57
FORT NELSON AIRPORT,4C05,380,2/1/2003,49,83,,,,109,17,1-Feb,76
FORT NELSON AIRPORT,4C05,380,2/28/2003,56,97,,,,105,17,1-Mar,92
FORT NELSON AIRPORT,4C05,380,4/1/2003,69,155,,,,165,22,1-Apr,94
FORT NELSON AIRPORT,4C05,380,1/1/2004,22,26,,,,46,12,1-Jan,57
FORT NELSON AIRPORT,4C05,380,2/1/2004,35,55,,,,72,16,1-Feb,76
FORT NELSON AIRPORT,4C05,380,3/1/2004,32,51,,,,55,16,1-Mar,92
FORT NELSON AIRPORT,4C05,380,4/1/2004,21,46,,,,49,22,1-Apr,94
FORT NELSON AIRPORT,4C05,380,1/1/2005,26,33,,,,58,13,1-Jan,57
FORT NELSON AIRPORT,4C05,380,2/1/2005,36,56,,,,74,16,1-Feb,76
FORT NELSON AIRPORT,4C05,380,3/1/2005,34,62,,,,67,18,1-Mar,92
FORT NELSON AIRPORT,4C05,380,4/1/2005,21,57,,,,61,27,1-Apr,94
FORT NELSON AIRPORT,4C05,380,1/1/2006,7,15,,,,26,21,1-Jan,57
FORT NELSON AIRPORT,4C05,380,1/29/2006,21,35,,,,46,17,1-Feb,76
FORT NELSON AIRPORT,4C05,380,2/28/2006,34,62,,,,67,18,1-Mar,92
FORT NELSON AIRPORT,4C05,380,4/2/2006,40,90,,,,96,22,1-Apr,94
FORT NELSON AIRPORT,4C05,380,1/1/2007,33,59,,,,104,18,1-Jan,57
FORT NELSON AIRPORT,4C05,380,2/1/2007,40,72,,,,95,18,1-Feb,76
FORT NELSON AIRPORT,4C05,380,3/1/2007,52,85,,,,92,16,1-Mar,92
FORT NELSON AIRPORT,4C05,380,4/1/2007,75,148,,,,157,20,1-Apr,94
FORT NELSON AIRPORT,4C05,380,5/15/2007,0,0,,,,0,,15-May,1
FORT NELSON AIRPORT,4C05,380,1/1/2008,23,33,,,,58,14,1-Jan,57
FORT NELSON AIRPORT,4C05,380,2/1/2008,35,49,,,,64,14,1-Feb,76
FORT NELSON AIRPORT,4C05,380,3/1/2008,44,71,,,,77,16,1-Mar,92
FORT NELSON AIRPORT,4C05,380,4/2/2008,37,75,,,,80,20,1-Apr,94
FORT NELSON AIRPORT,4C05,380,1/1/2009,46,73,,,,128,16,1-Jan,57
FORT NELSON AIRPORT,4C05,380,1/31/2009,59,111,,,,146,19,1-Feb,76
FORT NELSON AIRPORT,4C05,380,2/28/2009,59,123,,,,134,21,1-Mar,92
FORT NELSON AIRPORT,4C05,380,3/31/2009,69,168,,,,179,24,1-Apr,94
FORT NELSON AIRPORT,4C05,380,1/6/2011,31,49,,,,86,16,1-Jan,57
FORT NELSON AIRPORT,4C05,380,1/31/2011,38,65,,,,86,17,1-Feb,76
FORT NELSON AIRPORT,4C05,380,2/25/2011,38,78,,,,85,21,1-Mar,92
FORT NELSON AIRPORT,4C05,380,3/31/2011,43,81,,,,86,19,1-Apr,94
FORT NELSON AIRPORT,4C05,380,1/3/2012,23,32,,,,56,14,1-Jan,57
FORT NELSON AIRPORT,4C05,380,1/30/2012,29,46,,,,61,16,1-Feb,76
FORT NELSON AIRPORT,4C05,380,3/3/2012,32,50,,,,54,16,1-Mar,92
FORT NELSON AIRPORT,4C05,380,3/30/2012,30,58,,,,62,19,1-Apr,94
FORT NELSON AIRPORT,4C05,380,12/31/2012,50,91,,,,160,18,1-Jan,57
FORT NELSON AIRPORT,4C05,380,1/31/2013,53,113,,,,149,21,1-Feb,76
FORT NELSON AIRPORT,4C05,380,3/1/2013,59,135,,,,147,23,1-Mar,92
FORT NELSON AIRPORT,4C05,380,3/28/2013,67,108,,,,115,16,1-Apr,94
FORT NELSON AIRPORT,4C05,380,12/27/2013,60,49,A,,,86,8,1-Jan,57
FORT NELSON AIRPORT,4C05,380,1/31/2014,42,94,,,,124,22,1-Feb,76
FORT NELSON AIRPORT,4C05,380,3/4/2014,47,102,,,,111,22,1-Mar,92
FORT NELSON AIRPORT,4C05,380,4/1/2014,39,96,,,,102,25,1-Apr,94
FORT NELSON AIRPORT,4C05,380,1/6/2015,22,42,,,,74,19,1-Jan,57
FORT NELSON AIRPORT,4C05,380,1/30/2015,32,44,A,,,58,14,1-Feb,76
FORT NELSON AIRPORT,4C05,380,3/31/2015,27,60,,,,64,22,1-Apr,94
FORT NELSON AIRPORT,4C05,380,1/1/2016,21,38,,,,67,18,1-Jan,57
FORT NELSON AIRPORT,4C05,380,2/1/2016,25,54,,400,,71,22,1-Feb,76
FORT NELSON AIRPORT,4C05,380,3/4/2016,33,64,,400,,70,19,1-Mar,92
FORT NELSON AIRPORT,4C05,380,4/1/2016,16,66,,400,,70,41,1-Apr,94
FORT NELSON AIRPORT,4C05,380,1/12/2017,19,4,,400,,7,2,1-Jan,57
FORT NELSON AIRPORT,4C05,380,2/3/2017,23,58,,400,,76,25,1-Feb,76
FORT NELSON AIRPORT,4C05,380,3/3/2017,24,57,,400,,62,24,1-Mar,92
FORT NELSON AIRPORT,4C05,380,3/29/2017,45,96,,400,,102,21,1-Apr,94
FORT NELSON AIRPORT,4C05,380,2/5/2018,45,51,,,VB,67,11,1-Feb,76
FORT NELSON AIRPORT,4C05,380,2/28/2018,46,69,,,VB,75,15,1-Mar,92
FORT NELSON AIRPORT,4C05,380,3/28/2018,48,52,A,,VB,55,11,1-Apr,94
FORT NELSON AIRPORT,4C05,380,4/26/2018,10,24,,400,,200,24,1-May,12
