Data Set Export - SW.Field Visits@4C11,,,,,
"GRADEDESCRIPTIONS-3=GAP, -2=UNUSABLE, 0=UNDEF, 11=POOR, 21=ESTIMATED, 31=GOOD, 41=VERYGOOD, 51=EXCELLENT, APPROVALDESCRIPTIONS 0=UNDEFINED, 1=WORKING, 2=IN REVIEW, 3=APPROVED",,,,,
Timestamp (UTC-08:00),Value (Millimetres),Grade Code,Approval Level,Interpolation Type,Comment
3/29/1979 12:00,280,0,0,7,
3/27/1980 12:00,179,0,0,7,
3/26/1981 12:00,185,0,0,7,
3/30/1982 12:00,283,0,0,7,
5/2/1990 12:00,286,0,0,7,
6/4/1992 12:00,0,0,0,7,
4/27/1994 12:00,238,0,0,7,
