Site,Region,Watershed (sub-basin),Catchment Reference Number,Ecozone,Year,Month,Day,Point,Depth (cm),SWE (cm),Density (g/cm3)
Blackstone River,Dehcho,Lower Liard - Mouth Catchment,10ED,Taiga Plains Liard Plain MB,2017,3,27,1,70,10,0.14
Blackstone River,Dehcho,Lower Liard - Mouth Catchment,10ED,Taiga Plains Liard Plain MB,2017,3,27,2,79,13,0.17
Blackstone River,Dehcho,Lower Liard - Mouth Catchment,10ED,Taiga Plains Liard Plain MB,2017,3,27,3,68,11,0.16
Blackstone River,Dehcho,Lower Liard - Mouth Catchment,10ED,Taiga Plains Liard Plain MB,2017,3,27,4,59,9,0.15
Blackstone River,Dehcho,Lower Liard - Mouth Catchment,10ED,Taiga Plains Liard Plain MB,2017,3,27,5,57,10,0.18
Blackstone River,Dehcho,Lower Liard - Mouth Catchment,10ED,Taiga Plains Liard Plain MB,2017,3,27,6,52,8,0.15
Blackstone River,Dehcho,Lower Liard - Mouth Catchment,10ED,Taiga Plains Liard Plain MB,2017,3,27,7,64,11,0.17
Blackstone River,Dehcho,Lower Liard - Mouth Catchment,10ED,Taiga Plains Liard Plain MB,2017,3,27,8,49,6,0.12
Blackstone River,Dehcho,Lower Liard - Mouth Catchment,10ED,Taiga Plains Liard Plain MB,2017,3,27,9,64,7,0.11
Blackstone River,Dehcho,Lower Liard - Mouth Catchment,10ED,Taiga Plains Liard Plain MB,2017,3,27,10,62,9,0.15
Blackstone River,Dehcho,Lower Liard - Mouth Catchment,10ED,Taiga Plains Liard Plain MB,2015,4,1,1,64,13,0.2
Blackstone River,Dehcho,Lower Liard - Mouth Catchment,10ED,Taiga Plains Liard Plain MB,2015,4,1,2,65,16,0.25
Blackstone River,Dehcho,Lower Liard - Mouth Catchment,10ED,Taiga Plains Liard Plain MB,2015,4,1,3,67,16,0.24
Blackstone River,Dehcho,Lower Liard - Mouth Catchment,10ED,Taiga Plains Liard Plain MB,2015,4,1,4,70,12,0.17
Blackstone River,Dehcho,Lower Liard - Mouth Catchment,10ED,Taiga Plains Liard Plain MB,2015,4,1,5,66,14,0.21
Blackstone River,Dehcho,Lower Liard - Mouth Catchment,10ED,Taiga Plains Liard Plain MB,2015,4,1,6,64,15,0.23
Blackstone River,Dehcho,Lower Liard - Mouth Catchment,10ED,Taiga Plains Liard Plain MB,2015,4,1,7,72,14,0.19
Blackstone River,Dehcho,Lower Liard - Mouth Catchment,10ED,Taiga Plains Liard Plain MB,2015,4,1,8,70,14,0.2
Blackstone River,Dehcho,Lower Liard - Mouth Catchment,10ED,Taiga Plains Liard Plain MB,2015,4,1,9,73,11,0.15
Blackstone River,Dehcho,Lower Liard - Mouth Catchment,10ED,Taiga Plains Liard Plain MB,2015,4,1,10,85,16,0.19
Blackstone River,Dehcho,Lower Liard - Mouth Catchment,10ED,Taiga Plains Liard Plain MB,2013,3,25,1,76,6.5,0.09
Blackstone River,Dehcho,Lower Liard - Mouth Catchment,10ED,Taiga Plains Liard Plain MB,2013,3,25,2,82,7,0.09
Blackstone River,Dehcho,Lower Liard - Mouth Catchment,10ED,Taiga Plains Liard Plain MB,2013,3,25,3,80,6,0.08
Blackstone River,Dehcho,Lower Liard - Mouth Catchment,10ED,Taiga Plains Liard Plain MB,2013,3,25,4,85,7,0.08
Blackstone River,Dehcho,Lower Liard - Mouth Catchment,10ED,Taiga Plains Liard Plain MB,2013,3,25,5,82,6.5,0.08
Blackstone River,Dehcho,Lower Liard - Mouth Catchment,10ED,Taiga Plains Liard Plain MB,2013,3,25,6,80,6,0.08
Blackstone River,Dehcho,Lower Liard - Mouth Catchment,10ED,Taiga Plains Liard Plain MB,2013,3,25,7,82,7.5,0.09
Blackstone River,Dehcho,Lower Liard - Mouth Catchment,10ED,Taiga Plains Liard Plain MB,2013,3,25,8,82,8,0.1
Blackstone River,Dehcho,Lower Liard - Mouth Catchment,10ED,Taiga Plains Liard Plain MB,2013,3,25,9,79,7,0.09
Blackstone River,Dehcho,Lower Liard - Mouth Catchment,10ED,Taiga Plains Liard Plain MB,2013,3,25,10,78,7,0.09
Blackstone River,Dehcho,Lower Liard - Mouth Catchment,10ED,Taiga Plains Liard Plain MB,1998,3,19,1,38,6.6,0.17
Blackstone River,Dehcho,Lower Liard - Mouth Catchment,10ED,Taiga Plains Liard Plain MB,1998,3,19,2,23,3.8,0.17
Blackstone River,Dehcho,Lower Liard - Mouth Catchment,10ED,Taiga Plains Liard Plain MB,1998,3,19,3,24,2.5,0.11
Blackstone River,Dehcho,Lower Liard - Mouth Catchment,10ED,Taiga Plains Liard Plain MB,1998,3,19,4,33,5.8,0.18
Blackstone River,Dehcho,Lower Liard - Mouth Catchment,10ED,Taiga Plains Liard Plain MB,1998,3,19,5,25,4.8,0.19
Blackstone River,Dehcho,Lower Liard - Mouth Catchment,10ED,Taiga Plains Liard Plain MB,1998,3,19,6,22,4.6,0.21
Blackstone River,Dehcho,Lower Liard - Mouth Catchment,10ED,Taiga Plains Liard Plain MB,1998,3,19,7,33,7.9,0.24
Blackstone River,Dehcho,Lower Liard - Mouth Catchment,10ED,Taiga Plains Liard Plain MB,1998,3,19,8,32,6.9,0.22
Blackstone River,Dehcho,Lower Liard - Mouth Catchment,10ED,Taiga Plains Liard Plain MB,1998,3,19,9,30,7.4,0.24
Blackstone River,Dehcho,Lower Liard - Mouth Catchment,10ED,Taiga Plains Liard Plain MB,1998,3,19,10,23,4.8,0.21
Blackstone River,Dehcho,Lower Liard - Mouth Catchment,10ED,Taiga Plains Liard Plain MB,1996,4,19,1,46,10.2,0.22
Blackstone River,Dehcho,Lower Liard - Mouth Catchment,10ED,Taiga Plains Liard Plain MB,1996,4,19,2,33,6.6,0.2
Blackstone River,Dehcho,Lower Liard - Mouth Catchment,10ED,Taiga Plains Liard Plain MB,1996,4,19,3,46,12.7,0.28
Blackstone River,Dehcho,Lower Liard - Mouth Catchment,10ED,Taiga Plains Liard Plain MB,1996,4,19,4,46,11.7,0.26
Blackstone River,Dehcho,Lower Liard - Mouth Catchment,10ED,Taiga Plains Liard Plain MB,1996,4,19,5,51,9.1,0.18
Blackstone River,Dehcho,Lower Liard - Mouth Catchment,10ED,Taiga Plains Liard Plain MB,1996,4,19,6,46,10.9,0.24
Blackstone River,Dehcho,Lower Liard - Mouth Catchment,10ED,Taiga Plains Liard Plain MB,1996,4,19,7,43,10.4,0.24
Blackstone River,Dehcho,Lower Liard - Mouth Catchment,10ED,Taiga Plains Liard Plain MB,1996,4,19,8,43,9.7,0.22
Blackstone River,Dehcho,Lower Liard - Mouth Catchment,10ED,Taiga Plains Liard Plain MB,1996,4,19,9,46,11.2,0.24
Blackstone River,Dehcho,Lower Liard - Mouth Catchment,10ED,Taiga Plains Liard Plain MB,1996,4,19,10,36,7.9,0.22
Blackstone River,Dehcho,Lower Liard - Mouth Catchment,10ED,Taiga Plains Liard Plain MB,1996,2,28,1,51,7.1,0.14
Blackstone River,Dehcho,Lower Liard - Mouth Catchment,10ED,Taiga Plains Liard Plain MB,1996,2,28,2,44,5.3,0.12
Blackstone River,Dehcho,Lower Liard - Mouth Catchment,10ED,Taiga Plains Liard Plain MB,1996,2,28,3,51,6.6,0.13
Blackstone River,Dehcho,Lower Liard - Mouth Catchment,10ED,Taiga Plains Liard Plain MB,1996,2,28,4,56,8.1,0.15
Blackstone River,Dehcho,Lower Liard - Mouth Catchment,10ED,Taiga Plains Liard Plain MB,1996,2,28,5,56,8.9,0.16
Blackstone River,Dehcho,Lower Liard - Mouth Catchment,10ED,Taiga Plains Liard Plain MB,1996,2,28,6,58,9.4,0.16
Blackstone River,Dehcho,Lower Liard - Mouth Catchment,10ED,Taiga Plains Liard Plain MB,1996,2,28,7,48,8.9,0.18
Blackstone River,Dehcho,Lower Liard - Mouth Catchment,10ED,Taiga Plains Liard Plain MB,1996,2,28,8,60,9.7,0.16
Blackstone River,Dehcho,Lower Liard - Mouth Catchment,10ED,Taiga Plains Liard Plain MB,1996,2,28,9,61,10.9,0.18
Blackstone River,Dehcho,Lower Liard - Mouth Catchment,10ED,Taiga Plains Liard Plain MB,1996,2,28,10,53,8.9,0.17
Blackstone River,Dehcho,Lower Liard - Mouth Catchment,10ED,Taiga Plains Liard Plain MB,1995,12,12,1,30,2.8,0.09
Blackstone River,Dehcho,Lower Liard - Mouth Catchment,10ED,Taiga Plains Liard Plain MB,1995,12,12,2,18,1.8,0.1
Blackstone River,Dehcho,Lower Liard - Mouth Catchment,10ED,Taiga Plains Liard Plain MB,1995,12,12,3,28,2.8,0.1
Blackstone River,Dehcho,Lower Liard - Mouth Catchment,10ED,Taiga Plains Liard Plain MB,1995,12,12,4,23,2.3,0.1
Blackstone River,Dehcho,Lower Liard - Mouth Catchment,10ED,Taiga Plains Liard Plain MB,1995,12,12,5,23,2,0.09
Blackstone River,Dehcho,Lower Liard - Mouth Catchment,10ED,Taiga Plains Liard Plain MB,1995,12,12,6,19,2,0.11
Blackstone River,Dehcho,Lower Liard - Mouth Catchment,10ED,Taiga Plains Liard Plain MB,1995,12,12,7,20,2.8,0.14
Blackstone River,Dehcho,Lower Liard - Mouth Catchment,10ED,Taiga Plains Liard Plain MB,1995,12,12,8,19,2.5,0.13
Blackstone River,Dehcho,Lower Liard - Mouth Catchment,10ED,Taiga Plains Liard Plain MB,1995,12,12,9,18,2.3,0.13
Blackstone River,Dehcho,Lower Liard - Mouth Catchment,10ED,Taiga Plains Liard Plain MB,1995,12,12,10,23,2.5,0.11
Blackstone River,Dehcho,Lower Liard - Mouth Catchment,10ED,Taiga Plains Liard Plain MB,1995,4,12,1,46,9.9,0.22
Blackstone River,Dehcho,Lower Liard - Mouth Catchment,10ED,Taiga Plains Liard Plain MB,1995,4,12,2,38,7.6,0.2
Blackstone River,Dehcho,Lower Liard - Mouth Catchment,10ED,Taiga Plains Liard Plain MB,1995,4,12,3,43,10.2,0.24
Blackstone River,Dehcho,Lower Liard - Mouth Catchment,10ED,Taiga Plains Liard Plain MB,1995,4,12,4,51,10.4,0.21
Blackstone River,Dehcho,Lower Liard - Mouth Catchment,10ED,Taiga Plains Liard Plain MB,1995,4,12,5,48,10.2,0.21
Blackstone River,Dehcho,Lower Liard - Mouth Catchment,10ED,Taiga Plains Liard Plain MB,1995,4,12,6,48,10.9,0.23
Blackstone River,Dehcho,Lower Liard - Mouth Catchment,10ED,Taiga Plains Liard Plain MB,1995,4,12,7,43,9.7,0.22
Blackstone River,Dehcho,Lower Liard - Mouth Catchment,10ED,Taiga Plains Liard Plain MB,1995,4,12,8,43,8.9,0.21
Blackstone River,Dehcho,Lower Liard - Mouth Catchment,10ED,Taiga Plains Liard Plain MB,1995,4,12,9,46,10.4,0.23
Blackstone River,Dehcho,Lower Liard - Mouth Catchment,10ED,Taiga Plains Liard Plain MB,1995,4,12,10,48,10.7,0.22
Blackstone River,Dehcho,Lower Liard - Mouth Catchment,10ED,Taiga Plains Liard Plain MB,1995,3,29,1,61,10.4,0.17
Blackstone River,Dehcho,Lower Liard - Mouth Catchment,10ED,Taiga Plains Liard Plain MB,1995,3,29,2,48,9.1,0.19
Blackstone River,Dehcho,Lower Liard - Mouth Catchment,10ED,Taiga Plains Liard Plain MB,1995,3,29,3,56,10.4,0.19
Blackstone River,Dehcho,Lower Liard - Mouth Catchment,10ED,Taiga Plains Liard Plain MB,1995,3,29,4,56,10.7,0.19
Blackstone River,Dehcho,Lower Liard - Mouth Catchment,10ED,Taiga Plains Liard Plain MB,1995,3,29,5,56,10.2,0.18
Blackstone River,Dehcho,Lower Liard - Mouth Catchment,10ED,Taiga Plains Liard Plain MB,1995,3,29,6,56,10.4,0.19
Blackstone River,Dehcho,Lower Liard - Mouth Catchment,10ED,Taiga Plains Liard Plain MB,1995,3,29,7,53,9.7,0.18
Blackstone River,Dehcho,Lower Liard - Mouth Catchment,10ED,Taiga Plains Liard Plain MB,1995,3,29,8,61,11.4,0.19
Blackstone River,Dehcho,Lower Liard - Mouth Catchment,10ED,Taiga Plains Liard Plain MB,1995,3,29,9,51,9.1,0.18
Blackstone River,Dehcho,Lower Liard - Mouth Catchment,10ED,Taiga Plains Liard Plain MB,1995,3,29,10,53,11.2,0.21
Blackstone River,Dehcho,Lower Liard - Mouth Catchment,10ED,Taiga Plains Liard Plain MB,1995,2,20,1,43,5.6,0.13
Blackstone River,Dehcho,Lower Liard - Mouth Catchment,10ED,Taiga Plains Liard Plain MB,1995,2,20,2,30,4.6,0.15
Blackstone River,Dehcho,Lower Liard - Mouth Catchment,10ED,Taiga Plains Liard Plain MB,1995,2,20,3,30,6.1,0.2
Blackstone River,Dehcho,Lower Liard - Mouth Catchment,10ED,Taiga Plains Liard Plain MB,1995,2,20,4,41,6.6,0.16
Blackstone River,Dehcho,Lower Liard - Mouth Catchment,10ED,Taiga Plains Liard Plain MB,1995,2,20,5,33,5.1,0.15
Blackstone River,Dehcho,Lower Liard - Mouth Catchment,10ED,Taiga Plains Liard Plain MB,1995,2,20,6,41,6.9,0.17
Blackstone River,Dehcho,Lower Liard - Mouth Catchment,10ED,Taiga Plains Liard Plain MB,1995,2,20,7,32,5.1,0.16
Blackstone River,Dehcho,Lower Liard - Mouth Catchment,10ED,Taiga Plains Liard Plain MB,1995,2,20,8,43,6.9,0.16
Blackstone River,Dehcho,Lower Liard - Mouth Catchment,10ED,Taiga Plains Liard Plain MB,1995,2,20,9,41,7.1,0.18
Blackstone River,Dehcho,Lower Liard - Mouth Catchment,10ED,Taiga Plains Liard Plain MB,1995,2,20,10,38,6.3,0.17
Blackstone River,Dehcho,Lower Liard - Mouth Catchment,10ED,Taiga Plains Liard Plain MB,1995,1,19,1,36,5.6,0.16
Blackstone River,Dehcho,Lower Liard - Mouth Catchment,10ED,Taiga Plains Liard Plain MB,1995,1,19,2,25,3.8,0.15
Blackstone River,Dehcho,Lower Liard - Mouth Catchment,10ED,Taiga Plains Liard Plain MB,1995,1,19,3,37,5.8,0.16
Blackstone River,Dehcho,Lower Liard - Mouth Catchment,10ED,Taiga Plains Liard Plain MB,1995,1,19,4,33,4.3,0.13
Blackstone River,Dehcho,Lower Liard - Mouth Catchment,10ED,Taiga Plains Liard Plain MB,1995,1,19,5,32,4.1,0.13
Blackstone River,Dehcho,Lower Liard - Mouth Catchment,10ED,Taiga Plains Liard Plain MB,1995,1,19,6,25,3.3,0.13
Blackstone River,Dehcho,Lower Liard - Mouth Catchment,10ED,Taiga Plains Liard Plain MB,1995,1,19,7,30,4.6,0.15
Blackstone River,Dehcho,Lower Liard - Mouth Catchment,10ED,Taiga Plains Liard Plain MB,1995,1,19,8,30,3.6,0.12
Blackstone River,Dehcho,Lower Liard - Mouth Catchment,10ED,Taiga Plains Liard Plain MB,1995,1,19,9,33,5.3,0.16
Blackstone River,Dehcho,Lower Liard - Mouth Catchment,10ED,Taiga Plains Liard Plain MB,1995,1,19,10,33,5.1,0.15
Blackstone River,Dehcho,Lower Liard - Mouth Catchment,10ED,Taiga Plains Liard Plain MB,1994,11,25,1,28,2.3,0.08
Blackstone River,Dehcho,Lower Liard - Mouth Catchment,10ED,Taiga Plains Liard Plain MB,1994,11,25,2,20,1.5,0.08
Blackstone River,Dehcho,Lower Liard - Mouth Catchment,10ED,Taiga Plains Liard Plain MB,1994,11,25,3,20,1.8,0.09
Blackstone River,Dehcho,Lower Liard - Mouth Catchment,10ED,Taiga Plains Liard Plain MB,1994,11,25,4,25,2,0.08
Blackstone River,Dehcho,Lower Liard - Mouth Catchment,10ED,Taiga Plains Liard Plain MB,1994,11,25,5,24,2.3,0.09
Blackstone River,Dehcho,Lower Liard - Mouth Catchment,10ED,Taiga Plains Liard Plain MB,1994,11,25,6,23,2,0.09
Blackstone River,Dehcho,Lower Liard - Mouth Catchment,10ED,Taiga Plains Liard Plain MB,1994,11,25,7,19,1.8,0.09
Blackstone River,Dehcho,Lower Liard - Mouth Catchment,10ED,Taiga Plains Liard Plain MB,1994,11,25,8,25,2.3,0.09
Blackstone River,Dehcho,Lower Liard - Mouth Catchment,10ED,Taiga Plains Liard Plain MB,1994,11,25,9,23,2,0.09
Blackstone River,Dehcho,Lower Liard - Mouth Catchment,10ED,Taiga Plains Liard Plain MB,1994,11,25,10,18,1.5,0.09
Blackstone River,Dehcho,Lower Liard - Mouth Catchment,10ED,Taiga Plains Liard Plain MB,1994,3,14,1,38,7.1,0.19
Blackstone River,Dehcho,Lower Liard - Mouth Catchment,10ED,Taiga Plains Liard Plain MB,1994,3,14,2,28,4.6,0.16
Blackstone River,Dehcho,Lower Liard - Mouth Catchment,10ED,Taiga Plains Liard Plain MB,1994,3,14,3,25,4.8,0.19
Blackstone River,Dehcho,Lower Liard - Mouth Catchment,10ED,Taiga Plains Liard Plain MB,1994,3,14,4,28,3.8,0.14
Blackstone River,Dehcho,Lower Liard - Mouth Catchment,10ED,Taiga Plains Liard Plain MB,1994,3,14,5,38,6.3,0.17
Blackstone River,Dehcho,Lower Liard - Mouth Catchment,10ED,Taiga Plains Liard Plain MB,1994,3,14,6,36,6.6,0.19
Blackstone River,Dehcho,Lower Liard - Mouth Catchment,10ED,Taiga Plains Liard Plain MB,1994,3,14,7,33,6.6,0.2
Blackstone River,Dehcho,Lower Liard - Mouth Catchment,10ED,Taiga Plains Liard Plain MB,1994,3,14,8,30,5.6,0.18
Blackstone River,Dehcho,Lower Liard - Mouth Catchment,10ED,Taiga Plains Liard Plain MB,1994,3,14,9,33,7.6,0.23
Blackstone River,Dehcho,Lower Liard - Mouth Catchment,10ED,Taiga Plains Liard Plain MB,1994,3,14,10,33,5.6,0.17
Blackstone River,Dehcho,Lower Liard - Mouth Catchment,10ED,Taiga Plains Liard Plain MB,1994,2,25,1,41,6.3,0.16
Blackstone River,Dehcho,Lower Liard - Mouth Catchment,10ED,Taiga Plains Liard Plain MB,1994,2,25,2,33,4.6,0.14
Blackstone River,Dehcho,Lower Liard - Mouth Catchment,10ED,Taiga Plains Liard Plain MB,1994,2,25,3,36,4.6,0.13
Blackstone River,Dehcho,Lower Liard - Mouth Catchment,10ED,Taiga Plains Liard Plain MB,1994,2,25,4,42,5.1,0.12
Blackstone River,Dehcho,Lower Liard - Mouth Catchment,10ED,Taiga Plains Liard Plain MB,1994,2,25,5,41,6.3,0.16
Blackstone River,Dehcho,Lower Liard - Mouth Catchment,10ED,Taiga Plains Liard Plain MB,1994,2,25,6,42,7.1,0.17
Blackstone River,Dehcho,Lower Liard - Mouth Catchment,10ED,Taiga Plains Liard Plain MB,1994,2,25,7,33,5.1,0.15
Blackstone River,Dehcho,Lower Liard - Mouth Catchment,10ED,Taiga Plains Liard Plain MB,1994,2,25,8,38,5.6,0.15
Blackstone River,Dehcho,Lower Liard - Mouth Catchment,10ED,Taiga Plains Liard Plain MB,1994,2,25,9,36,4.8,0.14
Blackstone River,Dehcho,Lower Liard - Mouth Catchment,10ED,Taiga Plains Liard Plain MB,1994,2,25,10,37,4.3,0.12
Blackstone River,Dehcho,Lower Liard - Mouth Catchment,10ED,Taiga Plains Liard Plain MB,1994,1,21,1,43,6.6,0.15
Blackstone River,Dehcho,Lower Liard - Mouth Catchment,10ED,Taiga Plains Liard Plain MB,1994,1,21,2,25,3.3,0.13
Blackstone River,Dehcho,Lower Liard - Mouth Catchment,10ED,Taiga Plains Liard Plain MB,1994,1,21,3,38,5.6,0.15
Blackstone River,Dehcho,Lower Liard - Mouth Catchment,10ED,Taiga Plains Liard Plain MB,1994,1,21,4,33,5.3,0.16
Blackstone River,Dehcho,Lower Liard - Mouth Catchment,10ED,Taiga Plains Liard Plain MB,1994,1,21,5,33,4.6,0.14
Blackstone River,Dehcho,Lower Liard - Mouth Catchment,10ED,Taiga Plains Liard Plain MB,1994,1,21,6,38,5.8,0.15
Blackstone River,Dehcho,Lower Liard - Mouth Catchment,10ED,Taiga Plains Liard Plain MB,1994,1,21,7,38,5.6,0.15
Blackstone River,Dehcho,Lower Liard - Mouth Catchment,10ED,Taiga Plains Liard Plain MB,1994,1,21,8,38,5.6,0.15
Blackstone River,Dehcho,Lower Liard - Mouth Catchment,10ED,Taiga Plains Liard Plain MB,1994,1,21,9,41,6.3,0.16
Blackstone River,Dehcho,Lower Liard - Mouth Catchment,10ED,Taiga Plains Liard Plain MB,1994,1,21,10,38,5.7,0.15
Blackstone River,Dehcho,Lower Liard - Mouth Catchment,10ED,Taiga Plains Liard Plain MB,1993,3,30,1,11,5.1,0.44
Blackstone River,Dehcho,Lower Liard - Mouth Catchment,10ED,Taiga Plains Liard Plain MB,1993,3,30,2,4,1.3,0.33
Blackstone River,Dehcho,Lower Liard - Mouth Catchment,10ED,Taiga Plains Liard Plain MB,1993,3,30,3,18,7.6,0.43
Blackstone River,Dehcho,Lower Liard - Mouth Catchment,10ED,Taiga Plains Liard Plain MB,1993,3,30,4,15,3.8,0.25
Blackstone River,Dehcho,Lower Liard - Mouth Catchment,10ED,Taiga Plains Liard Plain MB,1993,3,30,5,15,7.1,0.47
Blackstone River,Dehcho,Lower Liard - Mouth Catchment,10ED,Taiga Plains Liard Plain MB,1993,3,30,6,23,6.3,0.28
Blackstone River,Dehcho,Lower Liard - Mouth Catchment,10ED,Taiga Plains Liard Plain MB,1993,3,30,7,18,6.3,0.36
Blackstone River,Dehcho,Lower Liard - Mouth Catchment,10ED,Taiga Plains Liard Plain MB,1993,3,30,8,23,7.6,0.33
Blackstone River,Dehcho,Lower Liard - Mouth Catchment,10ED,Taiga Plains Liard Plain MB,1993,3,30,9,25,8.9,0.35
Blackstone River,Dehcho,Lower Liard - Mouth Catchment,10ED,Taiga Plains Liard Plain MB,1993,3,30,10,9,3.8,0.43
Blackstone River,Dehcho,Lower Liard - Mouth Catchment,10ED,Taiga Plains Liard Plain MB,1993,1,18,1,23,3.2,0.14
Blackstone River,Dehcho,Lower Liard - Mouth Catchment,10ED,Taiga Plains Liard Plain MB,1993,1,18,2,23,3.2,0.14
Blackstone River,Dehcho,Lower Liard - Mouth Catchment,10ED,Taiga Plains Liard Plain MB,1993,1,18,3,28,5.1,0.18
Blackstone River,Dehcho,Lower Liard - Mouth Catchment,10ED,Taiga Plains Liard Plain MB,1993,1,18,4,28,4.4,0.16
Blackstone River,Dehcho,Lower Liard - Mouth Catchment,10ED,Taiga Plains Liard Plain MB,1993,1,18,5,19,4.4,0.23
Blackstone River,Dehcho,Lower Liard - Mouth Catchment,10ED,Taiga Plains Liard Plain MB,1993,1,18,6,24,5.1,0.21
Blackstone River,Dehcho,Lower Liard - Mouth Catchment,10ED,Taiga Plains Liard Plain MB,1993,1,18,7,27,5.1,0.19
Blackstone River,Dehcho,Lower Liard - Mouth Catchment,10ED,Taiga Plains Liard Plain MB,1993,1,18,8,23,3.8,0.17
Blackstone River,Dehcho,Lower Liard - Mouth Catchment,10ED,Taiga Plains Liard Plain MB,1993,1,18,9,25,5.1,0.2
Blackstone River,Dehcho,Lower Liard - Mouth Catchment,10ED,Taiga Plains Liard Plain MB,1993,1,18,10,24,5.1,0.21
Blackstone River,Dehcho,Lower Liard - Mouth Catchment,10ED,Taiga Plains Liard Plain MB,1992,3,10,1,48,11.4,0.24
Blackstone River,Dehcho,Lower Liard - Mouth Catchment,10ED,Taiga Plains Liard Plain MB,1992,3,10,2,39,11.4,0.29
Blackstone River,Dehcho,Lower Liard - Mouth Catchment,10ED,Taiga Plains Liard Plain MB,1992,3,10,3,39,9.5,0.24
Blackstone River,Dehcho,Lower Liard - Mouth Catchment,10ED,Taiga Plains Liard Plain MB,1992,3,10,4,50,12.1,0.24
Blackstone River,Dehcho,Lower Liard - Mouth Catchment,10ED,Taiga Plains Liard Plain MB,1992,3,10,5,55,11.4,0.21
Blackstone River,Dehcho,Lower Liard - Mouth Catchment,10ED,Taiga Plains Liard Plain MB,1992,3,10,6,51,10.2,0.2
Blackstone River,Dehcho,Lower Liard - Mouth Catchment,10ED,Taiga Plains Liard Plain MB,1992,3,10,7,47,11.4,0.24
Blackstone River,Dehcho,Lower Liard - Mouth Catchment,10ED,Taiga Plains Liard Plain MB,1992,3,10,8,48,10.2,0.21
Blackstone River,Dehcho,Lower Liard - Mouth Catchment,10ED,Taiga Plains Liard Plain MB,1992,3,10,9,47,7,0.15
Blackstone River,Dehcho,Lower Liard - Mouth Catchment,10ED,Taiga Plains Liard Plain MB,1992,3,10,10,43,11.4,0.26
Blackstone River,Dehcho,Lower Liard - Mouth Catchment,10ED,Taiga Plains Liard Plain MB,1992,2,13,1,62,12.7,0.2
Blackstone River,Dehcho,Lower Liard - Mouth Catchment,10ED,Taiga Plains Liard Plain MB,1992,2,13,2,51,9.5,0.19
Blackstone River,Dehcho,Lower Liard - Mouth Catchment,10ED,Taiga Plains Liard Plain MB,1992,2,13,3,57,10.2,0.18
Blackstone River,Dehcho,Lower Liard - Mouth Catchment,10ED,Taiga Plains Liard Plain MB,1992,2,13,4,61,11.4,0.19
Blackstone River,Dehcho,Lower Liard - Mouth Catchment,10ED,Taiga Plains Liard Plain MB,1992,2,13,5,57,9.5,0.17
Blackstone River,Dehcho,Lower Liard - Mouth Catchment,10ED,Taiga Plains Liard Plain MB,1992,2,13,6,57,8.9,0.16
Blackstone River,Dehcho,Lower Liard - Mouth Catchment,10ED,Taiga Plains Liard Plain MB,1992,2,13,7,53,7.6,0.14
Blackstone River,Dehcho,Lower Liard - Mouth Catchment,10ED,Taiga Plains Liard Plain MB,1992,2,13,8,56,9.5,0.17
Blackstone River,Dehcho,Lower Liard - Mouth Catchment,10ED,Taiga Plains Liard Plain MB,1992,2,13,9,50,8.3,0.17
Blackstone River,Dehcho,Lower Liard - Mouth Catchment,10ED,Taiga Plains Liard Plain MB,1992,2,13,10,56,8.9,0.16
Blackstone River,Dehcho,Lower Liard - Mouth Catchment,10ED,Taiga Plains Liard Plain MB,1992,1,1,1,,,
Blackstone River,Dehcho,Lower Liard - Mouth Catchment,10ED,Taiga Plains Liard Plain MB,1992,1,1,2,,,
Blackstone River,Dehcho,Lower Liard - Mouth Catchment,10ED,Taiga Plains Liard Plain MB,1992,1,1,3,,,
Blackstone River,Dehcho,Lower Liard - Mouth Catchment,10ED,Taiga Plains Liard Plain MB,1992,1,1,4,,,
Blackstone River,Dehcho,Lower Liard - Mouth Catchment,10ED,Taiga Plains Liard Plain MB,1992,1,1,5,,,
Blackstone River,Dehcho,Lower Liard - Mouth Catchment,10ED,Taiga Plains Liard Plain MB,1992,1,1,6,,,
Blackstone River,Dehcho,Lower Liard - Mouth Catchment,10ED,Taiga Plains Liard Plain MB,1992,1,1,7,,,
Blackstone River,Dehcho,Lower Liard - Mouth Catchment,10ED,Taiga Plains Liard Plain MB,1992,1,1,8,,,
Blackstone River,Dehcho,Lower Liard - Mouth Catchment,10ED,Taiga Plains Liard Plain MB,1992,1,1,9,,,
Blackstone River,Dehcho,Lower Liard - Mouth Catchment,10ED,Taiga Plains Liard Plain MB,1992,1,1,10,,,
Blackstone River,Dehcho,Lower Liard - Mouth Catchment,10ED,Taiga Plains Liard Plain MB,1991,12,17,1,51,6.3,0.13
Blackstone River,Dehcho,Lower Liard - Mouth Catchment,10ED,Taiga Plains Liard Plain MB,1991,12,17,2,41,2.5,0.06
Blackstone River,Dehcho,Lower Liard - Mouth Catchment,10ED,Taiga Plains Liard Plain MB,1991,12,17,3,57,8.9,0.16
Blackstone River,Dehcho,Lower Liard - Mouth Catchment,10ED,Taiga Plains Liard Plain MB,1991,12,17,4,51,7.6,0.15
Blackstone River,Dehcho,Lower Liard - Mouth Catchment,10ED,Taiga Plains Liard Plain MB,1991,12,17,5,44,5.1,0.11
Blackstone River,Dehcho,Lower Liard - Mouth Catchment,10ED,Taiga Plains Liard Plain MB,1991,12,17,6,46,7,0.15
Blackstone River,Dehcho,Lower Liard - Mouth Catchment,10ED,Taiga Plains Liard Plain MB,1991,12,17,7,46,7.6,0.17
Blackstone River,Dehcho,Lower Liard - Mouth Catchment,10ED,Taiga Plains Liard Plain MB,1991,12,17,8,47,7,0.15
Blackstone River,Dehcho,Lower Liard - Mouth Catchment,10ED,Taiga Plains Liard Plain MB,1991,12,17,9,46,7.6,0.17
Blackstone River,Dehcho,Lower Liard - Mouth Catchment,10ED,Taiga Plains Liard Plain MB,1991,12,17,10,46,6.3,0.14
Blackstone River,Dehcho,Lower Liard - Mouth Catchment,10ED,Taiga Plains Liard Plain MB,1991,11,1,1,,,
Blackstone River,Dehcho,Lower Liard - Mouth Catchment,10ED,Taiga Plains Liard Plain MB,1991,11,1,2,,,
Blackstone River,Dehcho,Lower Liard - Mouth Catchment,10ED,Taiga Plains Liard Plain MB,1991,11,1,3,,,
Blackstone River,Dehcho,Lower Liard - Mouth Catchment,10ED,Taiga Plains Liard Plain MB,1991,11,1,4,,,
Blackstone River,Dehcho,Lower Liard - Mouth Catchment,10ED,Taiga Plains Liard Plain MB,1991,11,1,5,,,
Blackstone River,Dehcho,Lower Liard - Mouth Catchment,10ED,Taiga Plains Liard Plain MB,1991,11,1,6,,,
Blackstone River,Dehcho,Lower Liard - Mouth Catchment,10ED,Taiga Plains Liard Plain MB,1991,11,1,7,,,
Blackstone River,Dehcho,Lower Liard - Mouth Catchment,10ED,Taiga Plains Liard Plain MB,1991,11,1,8,,,
Blackstone River,Dehcho,Lower Liard - Mouth Catchment,10ED,Taiga Plains Liard Plain MB,1991,11,1,9,,,
Blackstone River,Dehcho,Lower Liard - Mouth Catchment,10ED,Taiga Plains Liard Plain MB,1991,11,1,10,,,
Blackstone River,Dehcho,Lower Liard - Mouth Catchment,10ED,Taiga Plains Liard Plain MB,1991,4,1,1,,,
Blackstone River,Dehcho,Lower Liard - Mouth Catchment,10ED,Taiga Plains Liard Plain MB,1991,4,1,2,,,
Blackstone River,Dehcho,Lower Liard - Mouth Catchment,10ED,Taiga Plains Liard Plain MB,1991,4,1,3,,,
Blackstone River,Dehcho,Lower Liard - Mouth Catchment,10ED,Taiga Plains Liard Plain MB,1991,4,1,4,,,
Blackstone River,Dehcho,Lower Liard - Mouth Catchment,10ED,Taiga Plains Liard Plain MB,1991,4,1,5,,,
Blackstone River,Dehcho,Lower Liard - Mouth Catchment,10ED,Taiga Plains Liard Plain MB,1991,4,1,6,,,
Blackstone River,Dehcho,Lower Liard - Mouth Catchment,10ED,Taiga Plains Liard Plain MB,1991,4,1,7,,,
Blackstone River,Dehcho,Lower Liard - Mouth Catchment,10ED,Taiga Plains Liard Plain MB,1991,4,1,8,,,
Blackstone River,Dehcho,Lower Liard - Mouth Catchment,10ED,Taiga Plains Liard Plain MB,1991,4,1,9,,,
Blackstone River,Dehcho,Lower Liard - Mouth Catchment,10ED,Taiga Plains Liard Plain MB,1991,4,1,10,,,
Blackstone River,Dehcho,Lower Liard - Mouth Catchment,10ED,Taiga Plains Liard Plain MB,1991,3,20,1,62,10.2,0.16
Blackstone River,Dehcho,Lower Liard - Mouth Catchment,10ED,Taiga Plains Liard Plain MB,1991,3,20,2,56,9.5,0.17
Blackstone River,Dehcho,Lower Liard - Mouth Catchment,10ED,Taiga Plains Liard Plain MB,1991,3,20,3,56,12.7,0.23
Blackstone River,Dehcho,Lower Liard - Mouth Catchment,10ED,Taiga Plains Liard Plain MB,1991,3,20,4,58,11.4,0.2
Blackstone River,Dehcho,Lower Liard - Mouth Catchment,10ED,Taiga Plains Liard Plain MB,1991,3,20,5,56,11.4,0.2
Blackstone River,Dehcho,Lower Liard - Mouth Catchment,10ED,Taiga Plains Liard Plain MB,1991,3,20,6,63,12.1,0.19
Blackstone River,Dehcho,Lower Liard - Mouth Catchment,10ED,Taiga Plains Liard Plain MB,1991,3,20,7,66,12.7,0.19
Blackstone River,Dehcho,Lower Liard - Mouth Catchment,10ED,Taiga Plains Liard Plain MB,1991,3,20,8,61,8.3,0.14
Blackstone River,Dehcho,Lower Liard - Mouth Catchment,10ED,Taiga Plains Liard Plain MB,1991,3,20,9,71,14,0.2
Blackstone River,Dehcho,Lower Liard - Mouth Catchment,10ED,Taiga Plains Liard Plain MB,1991,3,20,10,58,9.5,0.16
Blackstone River,Dehcho,Lower Liard - Mouth Catchment,10ED,Taiga Plains Liard Plain MB,1991,2,13,1,55,7.6,0.14
Blackstone River,Dehcho,Lower Liard - Mouth Catchment,10ED,Taiga Plains Liard Plain MB,1991,2,13,2,38,6.3,0.17
Blackstone River,Dehcho,Lower Liard - Mouth Catchment,10ED,Taiga Plains Liard Plain MB,1991,2,13,3,48,7.6,0.16
Blackstone River,Dehcho,Lower Liard - Mouth Catchment,10ED,Taiga Plains Liard Plain MB,1991,2,13,4,53,6.3,0.12
Blackstone River,Dehcho,Lower Liard - Mouth Catchment,10ED,Taiga Plains Liard Plain MB,1991,2,13,5,57,10.2,0.18
Blackstone River,Dehcho,Lower Liard - Mouth Catchment,10ED,Taiga Plains Liard Plain MB,1991,2,13,6,57,8.9,0.16
Blackstone River,Dehcho,Lower Liard - Mouth Catchment,10ED,Taiga Plains Liard Plain MB,1991,2,13,7,62,11.4,0.18
Blackstone River,Dehcho,Lower Liard - Mouth Catchment,10ED,Taiga Plains Liard Plain MB,1991,2,13,8,55,10.2,0.19
Blackstone River,Dehcho,Lower Liard - Mouth Catchment,10ED,Taiga Plains Liard Plain MB,1991,2,13,9,66,13.5,0.2
Blackstone River,Dehcho,Lower Liard - Mouth Catchment,10ED,Taiga Plains Liard Plain MB,1991,2,13,10,43,7.6,0.18
Blackstone River,Dehcho,Lower Liard - Mouth Catchment,10ED,Taiga Plains Liard Plain MB,1991,1,9,1,46,6.3,0.14
Blackstone River,Dehcho,Lower Liard - Mouth Catchment,10ED,Taiga Plains Liard Plain MB,1991,1,9,2,43,5.1,0.12
Blackstone River,Dehcho,Lower Liard - Mouth Catchment,10ED,Taiga Plains Liard Plain MB,1991,1,9,3,38,4.4,0.12
Blackstone River,Dehcho,Lower Liard - Mouth Catchment,10ED,Taiga Plains Liard Plain MB,1991,1,9,4,46,3.8,0.08
Blackstone River,Dehcho,Lower Liard - Mouth Catchment,10ED,Taiga Plains Liard Plain MB,1991,1,9,5,42,7,0.17
Blackstone River,Dehcho,Lower Liard - Mouth Catchment,10ED,Taiga Plains Liard Plain MB,1991,1,9,6,39,2.5,0.07
Blackstone River,Dehcho,Lower Liard - Mouth Catchment,10ED,Taiga Plains Liard Plain MB,1991,1,9,7,50,7.6,0.15
Blackstone River,Dehcho,Lower Liard - Mouth Catchment,10ED,Taiga Plains Liard Plain MB,1991,1,9,8,44,6.3,0.14
Blackstone River,Dehcho,Lower Liard - Mouth Catchment,10ED,Taiga Plains Liard Plain MB,1991,1,9,9,33,3.8,0.12
Blackstone River,Dehcho,Lower Liard - Mouth Catchment,10ED,Taiga Plains Liard Plain MB,1991,1,9,10,44,3.8,0.09
Blackstone River,Dehcho,Lower Liard - Mouth Catchment,10ED,Taiga Plains Liard Plain MB,1990,2,14,1,63,12.7,0.2
Blackstone River,Dehcho,Lower Liard - Mouth Catchment,10ED,Taiga Plains Liard Plain MB,1990,2,14,2,52,8.9,0.17
Blackstone River,Dehcho,Lower Liard - Mouth Catchment,10ED,Taiga Plains Liard Plain MB,1990,2,14,3,50,8.4,0.17
Blackstone River,Dehcho,Lower Liard - Mouth Catchment,10ED,Taiga Plains Liard Plain MB,1990,2,14,4,61,9.7,0.16
Blackstone River,Dehcho,Lower Liard - Mouth Catchment,10ED,Taiga Plains Liard Plain MB,1990,2,14,5,71,12.7,0.18
Blackstone River,Dehcho,Lower Liard - Mouth Catchment,10ED,Taiga Plains Liard Plain MB,1990,2,14,6,63,12.2,0.19
Blackstone River,Dehcho,Lower Liard - Mouth Catchment,10ED,Taiga Plains Liard Plain MB,1990,2,14,7,76,12.7,0.17
Blackstone River,Dehcho,Lower Liard - Mouth Catchment,10ED,Taiga Plains Liard Plain MB,1990,2,14,8,71,11.4,0.16
Blackstone River,Dehcho,Lower Liard - Mouth Catchment,10ED,Taiga Plains Liard Plain MB,1990,2,14,9,74,13.5,0.18
Blackstone River,Dehcho,Lower Liard - Mouth Catchment,10ED,Taiga Plains Liard Plain MB,1990,2,14,10,53,8.9,0.17
Blackstone River,Dehcho,Lower Liard - Mouth Catchment,10ED,Taiga Plains Liard Plain MB,1990,12,1,1,,,
Blackstone River,Dehcho,Lower Liard - Mouth Catchment,10ED,Taiga Plains Liard Plain MB,1990,12,1,2,,,
Blackstone River,Dehcho,Lower Liard - Mouth Catchment,10ED,Taiga Plains Liard Plain MB,1990,12,1,3,,,
Blackstone River,Dehcho,Lower Liard - Mouth Catchment,10ED,Taiga Plains Liard Plain MB,1990,12,1,4,,,
Blackstone River,Dehcho,Lower Liard - Mouth Catchment,10ED,Taiga Plains Liard Plain MB,1990,12,1,5,,,
Blackstone River,Dehcho,Lower Liard - Mouth Catchment,10ED,Taiga Plains Liard Plain MB,1990,12,1,6,,,
Blackstone River,Dehcho,Lower Liard - Mouth Catchment,10ED,Taiga Plains Liard Plain MB,1990,12,1,7,,,
Blackstone River,Dehcho,Lower Liard - Mouth Catchment,10ED,Taiga Plains Liard Plain MB,1990,12,1,8,,,
Blackstone River,Dehcho,Lower Liard - Mouth Catchment,10ED,Taiga Plains Liard Plain MB,1990,12,1,9,,,
Blackstone River,Dehcho,Lower Liard - Mouth Catchment,10ED,Taiga Plains Liard Plain MB,1990,12,1,10,,,
Blackstone River,Dehcho,Lower Liard - Mouth Catchment,10ED,Taiga Plains Liard Plain MB,1990,11,1,1,,,
Blackstone River,Dehcho,Lower Liard - Mouth Catchment,10ED,Taiga Plains Liard Plain MB,1990,11,1,2,,,
Blackstone River,Dehcho,Lower Liard - Mouth Catchment,10ED,Taiga Plains Liard Plain MB,1990,11,1,3,,,
Blackstone River,Dehcho,Lower Liard - Mouth Catchment,10ED,Taiga Plains Liard Plain MB,1990,11,1,4,,,
Blackstone River,Dehcho,Lower Liard - Mouth Catchment,10ED,Taiga Plains Liard Plain MB,1990,11,1,5,,,
Blackstone River,Dehcho,Lower Liard - Mouth Catchment,10ED,Taiga Plains Liard Plain MB,1990,11,1,6,,,
Blackstone River,Dehcho,Lower Liard - Mouth Catchment,10ED,Taiga Plains Liard Plain MB,1990,11,1,7,,,
Blackstone River,Dehcho,Lower Liard - Mouth Catchment,10ED,Taiga Plains Liard Plain MB,1990,11,1,8,,,
Blackstone River,Dehcho,Lower Liard - Mouth Catchment,10ED,Taiga Plains Liard Plain MB,1990,11,1,9,,,
Blackstone River,Dehcho,Lower Liard - Mouth Catchment,10ED,Taiga Plains Liard Plain MB,1990,11,1,10,,,
Blackstone River,Dehcho,Lower Liard - Mouth Catchment,10ED,Taiga Plains Liard Plain MB,1990,4,5,1,25,8.9,0.35
Blackstone River,Dehcho,Lower Liard - Mouth Catchment,10ED,Taiga Plains Liard Plain MB,1990,4,5,2,29,11.4,0.39
Blackstone River,Dehcho,Lower Liard - Mouth Catchment,10ED,Taiga Plains Liard Plain MB,1990,4,5,3,22,5.1,0.24
Blackstone River,Dehcho,Lower Liard - Mouth Catchment,10ED,Taiga Plains Liard Plain MB,1990,4,5,4,30,7.6,0.25
Blackstone River,Dehcho,Lower Liard - Mouth Catchment,10ED,Taiga Plains Liard Plain MB,1990,4,5,5,34,4.4,0.13
Blackstone River,Dehcho,Lower Liard - Mouth Catchment,10ED,Taiga Plains Liard Plain MB,1990,4,5,6,36,13.3,0.38
Blackstone River,Dehcho,Lower Liard - Mouth Catchment,10ED,Taiga Plains Liard Plain MB,1990,4,5,7,28,7,0.25
Blackstone River,Dehcho,Lower Liard - Mouth Catchment,10ED,Taiga Plains Liard Plain MB,1990,4,5,8,28,7.6,0.27
Blackstone River,Dehcho,Lower Liard - Mouth Catchment,10ED,Taiga Plains Liard Plain MB,1990,4,5,9,34,13.3,0.39
Blackstone River,Dehcho,Lower Liard - Mouth Catchment,10ED,Taiga Plains Liard Plain MB,1990,4,5,10,32,9.5,0.3
Blackstone River,Dehcho,Lower Liard - Mouth Catchment,10ED,Taiga Plains Liard Plain MB,1990,3,14,1,57,10.8,0.19
Blackstone River,Dehcho,Lower Liard - Mouth Catchment,10ED,Taiga Plains Liard Plain MB,1990,3,14,2,41,8.3,0.2
Blackstone River,Dehcho,Lower Liard - Mouth Catchment,10ED,Taiga Plains Liard Plain MB,1990,3,14,3,41,7,0.17
Blackstone River,Dehcho,Lower Liard - Mouth Catchment,10ED,Taiga Plains Liard Plain MB,1990,3,14,4,60,15.9,0.27
Blackstone River,Dehcho,Lower Liard - Mouth Catchment,10ED,Taiga Plains Liard Plain MB,1990,3,14,5,51,8.9,0.18
Blackstone River,Dehcho,Lower Liard - Mouth Catchment,10ED,Taiga Plains Liard Plain MB,1990,3,14,6,60,16.5,0.28
Blackstone River,Dehcho,Lower Liard - Mouth Catchment,10ED,Taiga Plains Liard Plain MB,1990,3,14,7,55,10.2,0.19
Blackstone River,Dehcho,Lower Liard - Mouth Catchment,10ED,Taiga Plains Liard Plain MB,1990,3,14,8,46,9.5,0.21
Blackstone River,Dehcho,Lower Liard - Mouth Catchment,10ED,Taiga Plains Liard Plain MB,1990,3,14,9,67,14.6,0.22
Blackstone River,Dehcho,Lower Liard - Mouth Catchment,10ED,Taiga Plains Liard Plain MB,1990,3,14,10,51,10.2,0.2
Blackstone River,Dehcho,Lower Liard - Mouth Catchment,10ED,Taiga Plains Liard Plain MB,1990,1,22,1,61,10.2,0.17
Blackstone River,Dehcho,Lower Liard - Mouth Catchment,10ED,Taiga Plains Liard Plain MB,1990,1,22,2,48,8.3,0.17
Blackstone River,Dehcho,Lower Liard - Mouth Catchment,10ED,Taiga Plains Liard Plain MB,1990,1,22,3,56,10.2,0.18
Blackstone River,Dehcho,Lower Liard - Mouth Catchment,10ED,Taiga Plains Liard Plain MB,1990,1,22,4,62,10.8,0.17
Blackstone River,Dehcho,Lower Liard - Mouth Catchment,10ED,Taiga Plains Liard Plain MB,1990,1,22,5,56,9.5,0.17
Blackstone River,Dehcho,Lower Liard - Mouth Catchment,10ED,Taiga Plains Liard Plain MB,1990,1,22,6,66,14,0.21
Blackstone River,Dehcho,Lower Liard - Mouth Catchment,10ED,Taiga Plains Liard Plain MB,1990,1,22,7,66,11.4,0.17
Blackstone River,Dehcho,Lower Liard - Mouth Catchment,10ED,Taiga Plains Liard Plain MB,1990,1,22,8,62,12.1,0.19
Blackstone River,Dehcho,Lower Liard - Mouth Catchment,10ED,Taiga Plains Liard Plain MB,1990,1,22,9,67,12.1,0.18
Blackstone River,Dehcho,Lower Liard - Mouth Catchment,10ED,Taiga Plains Liard Plain MB,1990,1,22,10,60,10.8,0.18
Blackstone River,Dehcho,Lower Liard - Mouth Catchment,10ED,Taiga Plains Liard Plain MB,1989,11,29,1,42,7,0.17
Blackstone River,Dehcho,Lower Liard - Mouth Catchment,10ED,Taiga Plains Liard Plain MB,1989,11,29,2,32,4.4,0.14
Blackstone River,Dehcho,Lower Liard - Mouth Catchment,10ED,Taiga Plains Liard Plain MB,1989,11,29,3,32,5.7,0.18
Blackstone River,Dehcho,Lower Liard - Mouth Catchment,10ED,Taiga Plains Liard Plain MB,1989,11,29,4,46,6.3,0.14
Blackstone River,Dehcho,Lower Liard - Mouth Catchment,10ED,Taiga Plains Liard Plain MB,1989,11,29,5,44,7.6,0.17
Blackstone River,Dehcho,Lower Liard - Mouth Catchment,10ED,Taiga Plains Liard Plain MB,1989,11,29,6,39,5.7,0.15
Blackstone River,Dehcho,Lower Liard - Mouth Catchment,10ED,Taiga Plains Liard Plain MB,1989,11,29,7,39,5.7,0.15
Blackstone River,Dehcho,Lower Liard - Mouth Catchment,10ED,Taiga Plains Liard Plain MB,1989,11,29,8,39,5.7,0.15
Blackstone River,Dehcho,Lower Liard - Mouth Catchment,10ED,Taiga Plains Liard Plain MB,1989,11,29,9,48,9.5,0.2
Blackstone River,Dehcho,Lower Liard - Mouth Catchment,10ED,Taiga Plains Liard Plain MB,1989,11,29,10,42,6.3,0.15
Blackstone River,Dehcho,Lower Liard - Mouth Catchment,10ED,Taiga Plains Liard Plain MB,1989,4,5,1,61,11.4,0.19
Blackstone River,Dehcho,Lower Liard - Mouth Catchment,10ED,Taiga Plains Liard Plain MB,1989,4,5,2,69,12.7,0.19
Blackstone River,Dehcho,Lower Liard - Mouth Catchment,10ED,Taiga Plains Liard Plain MB,1989,4,5,3,66,13.3,0.2
Blackstone River,Dehcho,Lower Liard - Mouth Catchment,10ED,Taiga Plains Liard Plain MB,1989,4,5,4,61,14,0.23
Blackstone River,Dehcho,Lower Liard - Mouth Catchment,10ED,Taiga Plains Liard Plain MB,1989,4,5,5,70,14,0.2
Blackstone River,Dehcho,Lower Liard - Mouth Catchment,10ED,Taiga Plains Liard Plain MB,1989,4,5,6,69,14.6,0.21
Blackstone River,Dehcho,Lower Liard - Mouth Catchment,10ED,Taiga Plains Liard Plain MB,1989,4,5,7,51,9.5,0.19
Blackstone River,Dehcho,Lower Liard - Mouth Catchment,10ED,Taiga Plains Liard Plain MB,1989,4,5,8,66,14,0.21
Blackstone River,Dehcho,Lower Liard - Mouth Catchment,10ED,Taiga Plains Liard Plain MB,1989,4,5,9,75,14.6,0.19
Blackstone River,Dehcho,Lower Liard - Mouth Catchment,10ED,Taiga Plains Liard Plain MB,1989,4,5,10,50,8.9,0.18
Blackstone River,Dehcho,Lower Liard - Mouth Catchment,10ED,Taiga Plains Liard Plain MB,1989,3,2,1,51,9.5,0.19
Blackstone River,Dehcho,Lower Liard - Mouth Catchment,10ED,Taiga Plains Liard Plain MB,1989,3,2,2,58,9.5,0.16
Blackstone River,Dehcho,Lower Liard - Mouth Catchment,10ED,Taiga Plains Liard Plain MB,1989,3,2,3,60,9.5,0.16
Blackstone River,Dehcho,Lower Liard - Mouth Catchment,10ED,Taiga Plains Liard Plain MB,1989,3,2,4,66,9.5,0.14
Blackstone River,Dehcho,Lower Liard - Mouth Catchment,10ED,Taiga Plains Liard Plain MB,1989,3,2,5,63,10.8,0.17
Blackstone River,Dehcho,Lower Liard - Mouth Catchment,10ED,Taiga Plains Liard Plain MB,1989,3,2,6,66,12.1,0.18
Blackstone River,Dehcho,Lower Liard - Mouth Catchment,10ED,Taiga Plains Liard Plain MB,1989,3,2,7,55,7.6,0.14
Blackstone River,Dehcho,Lower Liard - Mouth Catchment,10ED,Taiga Plains Liard Plain MB,1989,3,2,8,72,12.1,0.17
Blackstone River,Dehcho,Lower Liard - Mouth Catchment,10ED,Taiga Plains Liard Plain MB,1989,3,2,9,69,12.1,0.18
Blackstone River,Dehcho,Lower Liard - Mouth Catchment,10ED,Taiga Plains Liard Plain MB,1989,3,2,10,62,10.8,0.17
Blackstone River,Dehcho,Lower Liard - Mouth Catchment,10ED,Taiga Plains Liard Plain MB,1989,2,2,1,55,9.5,0.17
Blackstone River,Dehcho,Lower Liard - Mouth Catchment,10ED,Taiga Plains Liard Plain MB,1989,2,2,2,48,8.9,0.18
Blackstone River,Dehcho,Lower Liard - Mouth Catchment,10ED,Taiga Plains Liard Plain MB,1989,2,2,3,47,10.2,0.22
Blackstone River,Dehcho,Lower Liard - Mouth Catchment,10ED,Taiga Plains Liard Plain MB,1989,2,2,4,60,8.3,0.14
Blackstone River,Dehcho,Lower Liard - Mouth Catchment,10ED,Taiga Plains Liard Plain MB,1989,2,2,5,66,9.5,0.14
Blackstone River,Dehcho,Lower Liard - Mouth Catchment,10ED,Taiga Plains Liard Plain MB,1989,2,2,6,55,11.4,0.21
Blackstone River,Dehcho,Lower Liard - Mouth Catchment,10ED,Taiga Plains Liard Plain MB,1989,2,2,7,47,8.9,0.19
Blackstone River,Dehcho,Lower Liard - Mouth Catchment,10ED,Taiga Plains Liard Plain MB,1989,2,2,8,60,10.2,0.17
Blackstone River,Dehcho,Lower Liard - Mouth Catchment,10ED,Taiga Plains Liard Plain MB,1989,2,2,9,63,12.1,0.19
Blackstone River,Dehcho,Lower Liard - Mouth Catchment,10ED,Taiga Plains Liard Plain MB,1989,2,2,10,50,8.9,0.18
Blackstone River,Dehcho,Lower Liard - Mouth Catchment,10ED,Taiga Plains Liard Plain MB,1989,1,4,1,50,8.9,0.18
Blackstone River,Dehcho,Lower Liard - Mouth Catchment,10ED,Taiga Plains Liard Plain MB,1989,1,4,2,34,5.7,0.17
Blackstone River,Dehcho,Lower Liard - Mouth Catchment,10ED,Taiga Plains Liard Plain MB,1989,1,4,3,33,4.4,0.13
Blackstone River,Dehcho,Lower Liard - Mouth Catchment,10ED,Taiga Plains Liard Plain MB,1989,1,4,4,46,7,0.15
Blackstone River,Dehcho,Lower Liard - Mouth Catchment,10ED,Taiga Plains Liard Plain MB,1989,1,4,5,41,7.6,0.19
Blackstone River,Dehcho,Lower Liard - Mouth Catchment,10ED,Taiga Plains Liard Plain MB,1989,1,4,6,46,7,0.15
Blackstone River,Dehcho,Lower Liard - Mouth Catchment,10ED,Taiga Plains Liard Plain MB,1989,1,4,7,42,7.6,0.18
Blackstone River,Dehcho,Lower Liard - Mouth Catchment,10ED,Taiga Plains Liard Plain MB,1989,1,4,8,46,8.3,0.18
Blackstone River,Dehcho,Lower Liard - Mouth Catchment,10ED,Taiga Plains Liard Plain MB,1989,1,4,9,43,5.1,0.12
Blackstone River,Dehcho,Lower Liard - Mouth Catchment,10ED,Taiga Plains Liard Plain MB,1989,1,4,10,41,7,0.17
Blackstone River,Dehcho,Lower Liard - Mouth Catchment,10ED,Taiga Plains Liard Plain MB,1988,12,13,1,39,7.6,0.19
Blackstone River,Dehcho,Lower Liard - Mouth Catchment,10ED,Taiga Plains Liard Plain MB,1988,12,13,2,32,6.3,0.2
Blackstone River,Dehcho,Lower Liard - Mouth Catchment,10ED,Taiga Plains Liard Plain MB,1988,12,13,3,41,7.6,0.19
Blackstone River,Dehcho,Lower Liard - Mouth Catchment,10ED,Taiga Plains Liard Plain MB,1988,12,13,4,39,6.3,0.16
Blackstone River,Dehcho,Lower Liard - Mouth Catchment,10ED,Taiga Plains Liard Plain MB,1988,12,13,5,41,6.3,0.16
Blackstone River,Dehcho,Lower Liard - Mouth Catchment,10ED,Taiga Plains Liard Plain MB,1988,12,13,6,43,8.3,0.19
Blackstone River,Dehcho,Lower Liard - Mouth Catchment,10ED,Taiga Plains Liard Plain MB,1988,12,13,7,41,7,0.17
Blackstone River,Dehcho,Lower Liard - Mouth Catchment,10ED,Taiga Plains Liard Plain MB,1988,12,13,8,34,6.3,0.19
Blackstone River,Dehcho,Lower Liard - Mouth Catchment,10ED,Taiga Plains Liard Plain MB,1988,12,13,9,25,1.9,0.08
Blackstone River,Dehcho,Lower Liard - Mouth Catchment,10ED,Taiga Plains Liard Plain MB,1988,12,13,10,36,6.3,0.18
Blackstone River,Dehcho,Lower Liard - Mouth Catchment,10ED,Taiga Plains Liard Plain MB,1988,11,1,1,,,
Blackstone River,Dehcho,Lower Liard - Mouth Catchment,10ED,Taiga Plains Liard Plain MB,1988,11,1,2,,,
Blackstone River,Dehcho,Lower Liard - Mouth Catchment,10ED,Taiga Plains Liard Plain MB,1988,11,1,3,,,
Blackstone River,Dehcho,Lower Liard - Mouth Catchment,10ED,Taiga Plains Liard Plain MB,1988,11,1,4,,,
Blackstone River,Dehcho,Lower Liard - Mouth Catchment,10ED,Taiga Plains Liard Plain MB,1988,11,1,5,,,
Blackstone River,Dehcho,Lower Liard - Mouth Catchment,10ED,Taiga Plains Liard Plain MB,1988,11,1,6,,,
Blackstone River,Dehcho,Lower Liard - Mouth Catchment,10ED,Taiga Plains Liard Plain MB,1988,11,1,7,,,
Blackstone River,Dehcho,Lower Liard - Mouth Catchment,10ED,Taiga Plains Liard Plain MB,1988,11,1,8,,,
Blackstone River,Dehcho,Lower Liard - Mouth Catchment,10ED,Taiga Plains Liard Plain MB,1988,11,1,9,,,
Blackstone River,Dehcho,Lower Liard - Mouth Catchment,10ED,Taiga Plains Liard Plain MB,1988,11,1,10,,,
Blackstone River,Dehcho,Lower Liard - Mouth Catchment,10ED,Taiga Plains Liard Plain MB,1988,3,29,1,46,12.1,0.26
Blackstone River,Dehcho,Lower Liard - Mouth Catchment,10ED,Taiga Plains Liard Plain MB,1988,3,29,2,46,12.1,0.26
Blackstone River,Dehcho,Lower Liard - Mouth Catchment,10ED,Taiga Plains Liard Plain MB,1988,3,29,3,51,13.3,0.26
Blackstone River,Dehcho,Lower Liard - Mouth Catchment,10ED,Taiga Plains Liard Plain MB,1988,3,29,4,56,14.6,0.26
Blackstone River,Dehcho,Lower Liard - Mouth Catchment,10ED,Taiga Plains Liard Plain MB,1988,3,29,5,43,11.4,0.26
Blackstone River,Dehcho,Lower Liard - Mouth Catchment,10ED,Taiga Plains Liard Plain MB,1988,3,29,6,41,11.4,0.28
Blackstone River,Dehcho,Lower Liard - Mouth Catchment,10ED,Taiga Plains Liard Plain MB,1988,3,29,7,46,11.4,0.25
Blackstone River,Dehcho,Lower Liard - Mouth Catchment,10ED,Taiga Plains Liard Plain MB,1988,3,29,8,51,14,0.28
Blackstone River,Dehcho,Lower Liard - Mouth Catchment,10ED,Taiga Plains Liard Plain MB,1988,3,29,9,41,11.4,0.28
Blackstone River,Dehcho,Lower Liard - Mouth Catchment,10ED,Taiga Plains Liard Plain MB,1988,3,29,10,41,11.4,0.28
Blackstone River,Dehcho,Lower Liard - Mouth Catchment,10ED,Taiga Plains Liard Plain MB,1988,1,26,1,53,8.9,0.17
Blackstone River,Dehcho,Lower Liard - Mouth Catchment,10ED,Taiga Plains Liard Plain MB,1988,1,26,2,39,6.3,0.16
Blackstone River,Dehcho,Lower Liard - Mouth Catchment,10ED,Taiga Plains Liard Plain MB,1988,1,26,3,38,5.1,0.13
Blackstone River,Dehcho,Lower Liard - Mouth Catchment,10ED,Taiga Plains Liard Plain MB,1988,1,26,4,44,5.7,0.13
Blackstone River,Dehcho,Lower Liard - Mouth Catchment,10ED,Taiga Plains Liard Plain MB,1988,1,26,5,50,5.1,0.1
Blackstone River,Dehcho,Lower Liard - Mouth Catchment,10ED,Taiga Plains Liard Plain MB,1988,1,26,6,43,8.3,0.19
Blackstone River,Dehcho,Lower Liard - Mouth Catchment,10ED,Taiga Plains Liard Plain MB,1988,1,26,7,51,7.6,0.15
Blackstone River,Dehcho,Lower Liard - Mouth Catchment,10ED,Taiga Plains Liard Plain MB,1988,1,26,8,52,8.9,0.17
Blackstone River,Dehcho,Lower Liard - Mouth Catchment,10ED,Taiga Plains Liard Plain MB,1988,1,26,9,46,9.5,0.21
Blackstone River,Dehcho,Lower Liard - Mouth Catchment,10ED,Taiga Plains Liard Plain MB,1988,1,26,10,47,7.6,0.16
Blackstone River,Dehcho,Lower Liard - Mouth Catchment,10ED,Taiga Plains Liard Plain MB,1988,1,5,1,41,6.3,0.16
Blackstone River,Dehcho,Lower Liard - Mouth Catchment,10ED,Taiga Plains Liard Plain MB,1988,1,5,2,34,5.7,0.17
Blackstone River,Dehcho,Lower Liard - Mouth Catchment,10ED,Taiga Plains Liard Plain MB,1988,1,5,3,36,4.4,0.13
Blackstone River,Dehcho,Lower Liard - Mouth Catchment,10ED,Taiga Plains Liard Plain MB,1988,1,5,4,48,5.7,0.12
Blackstone River,Dehcho,Lower Liard - Mouth Catchment,10ED,Taiga Plains Liard Plain MB,1988,1,5,5,32,3.8,0.12
Blackstone River,Dehcho,Lower Liard - Mouth Catchment,10ED,Taiga Plains Liard Plain MB,1988,1,5,6,41,6.3,0.16
Blackstone River,Dehcho,Lower Liard - Mouth Catchment,10ED,Taiga Plains Liard Plain MB,1988,1,5,7,41,5.7,0.14
Blackstone River,Dehcho,Lower Liard - Mouth Catchment,10ED,Taiga Plains Liard Plain MB,1988,1,5,8,43,5.7,0.13
Blackstone River,Dehcho,Lower Liard - Mouth Catchment,10ED,Taiga Plains Liard Plain MB,1988,1,5,9,47,8.9,0.19
Blackstone River,Dehcho,Lower Liard - Mouth Catchment,10ED,Taiga Plains Liard Plain MB,1988,1,5,10,39,6.3,0.16
Blackstone River,Dehcho,Lower Liard - Mouth Catchment,10ED,Taiga Plains Liard Plain MB,1987,12,1,1,,,
Blackstone River,Dehcho,Lower Liard - Mouth Catchment,10ED,Taiga Plains Liard Plain MB,1987,12,1,2,,,
Blackstone River,Dehcho,Lower Liard - Mouth Catchment,10ED,Taiga Plains Liard Plain MB,1987,12,1,3,,,
Blackstone River,Dehcho,Lower Liard - Mouth Catchment,10ED,Taiga Plains Liard Plain MB,1987,12,1,4,,,
Blackstone River,Dehcho,Lower Liard - Mouth Catchment,10ED,Taiga Plains Liard Plain MB,1987,12,1,5,,,
Blackstone River,Dehcho,Lower Liard - Mouth Catchment,10ED,Taiga Plains Liard Plain MB,1987,12,1,6,,,
Blackstone River,Dehcho,Lower Liard - Mouth Catchment,10ED,Taiga Plains Liard Plain MB,1987,12,1,7,,,
Blackstone River,Dehcho,Lower Liard - Mouth Catchment,10ED,Taiga Plains Liard Plain MB,1987,12,1,8,,,
Blackstone River,Dehcho,Lower Liard - Mouth Catchment,10ED,Taiga Plains Liard Plain MB,1987,12,1,9,,,
Blackstone River,Dehcho,Lower Liard - Mouth Catchment,10ED,Taiga Plains Liard Plain MB,1987,12,1,10,,,
Blackstone River,Dehcho,Lower Liard - Mouth Catchment,10ED,Taiga Plains Liard Plain MB,1987,11,3,1,10,,
Blackstone River,Dehcho,Lower Liard - Mouth Catchment,10ED,Taiga Plains Liard Plain MB,1987,11,3,2,8,,
Blackstone River,Dehcho,Lower Liard - Mouth Catchment,10ED,Taiga Plains Liard Plain MB,1987,11,3,3,6,,
Blackstone River,Dehcho,Lower Liard - Mouth Catchment,10ED,Taiga Plains Liard Plain MB,1987,11,3,4,9,,
Blackstone River,Dehcho,Lower Liard - Mouth Catchment,10ED,Taiga Plains Liard Plain MB,1987,11,3,5,6,,
Blackstone River,Dehcho,Lower Liard - Mouth Catchment,10ED,Taiga Plains Liard Plain MB,1987,11,3,6,8,,
Blackstone River,Dehcho,Lower Liard - Mouth Catchment,10ED,Taiga Plains Liard Plain MB,1987,11,3,7,8,,
Blackstone River,Dehcho,Lower Liard - Mouth Catchment,10ED,Taiga Plains Liard Plain MB,1987,11,3,8,9,,
Blackstone River,Dehcho,Lower Liard - Mouth Catchment,10ED,Taiga Plains Liard Plain MB,1987,11,3,9,5,,
Blackstone River,Dehcho,Lower Liard - Mouth Catchment,10ED,Taiga Plains Liard Plain MB,1987,11,3,10,8,,
Blackstone River,Dehcho,Lower Liard - Mouth Catchment,10ED,Taiga Plains Liard Plain MB,1987,3,26,1,33,6.3,0.19
Blackstone River,Dehcho,Lower Liard - Mouth Catchment,10ED,Taiga Plains Liard Plain MB,1987,3,26,2,28,3.8,0.14
Blackstone River,Dehcho,Lower Liard - Mouth Catchment,10ED,Taiga Plains Liard Plain MB,1987,3,26,3,30,4.4,0.15
Blackstone River,Dehcho,Lower Liard - Mouth Catchment,10ED,Taiga Plains Liard Plain MB,1987,3,26,4,48,6.3,0.13
Blackstone River,Dehcho,Lower Liard - Mouth Catchment,10ED,Taiga Plains Liard Plain MB,1987,3,26,5,50,7.6,0.15
Blackstone River,Dehcho,Lower Liard - Mouth Catchment,10ED,Taiga Plains Liard Plain MB,1987,3,26,6,25,3.8,0.15
Blackstone River,Dehcho,Lower Liard - Mouth Catchment,10ED,Taiga Plains Liard Plain MB,1987,3,26,7,41,5.7,0.14
Blackstone River,Dehcho,Lower Liard - Mouth Catchment,10ED,Taiga Plains Liard Plain MB,1987,3,26,8,42,6.3,0.15
Blackstone River,Dehcho,Lower Liard - Mouth Catchment,10ED,Taiga Plains Liard Plain MB,1987,3,26,9,39,7.6,0.19
Blackstone River,Dehcho,Lower Liard - Mouth Catchment,10ED,Taiga Plains Liard Plain MB,1987,3,26,10,37,6.3,0.17
Blackstone River,Dehcho,Lower Liard - Mouth Catchment,10ED,Taiga Plains Liard Plain MB,1987,3,5,1,33,5.1,0.15
Blackstone River,Dehcho,Lower Liard - Mouth Catchment,10ED,Taiga Plains Liard Plain MB,1987,3,5,2,30,3.8,0.13
Blackstone River,Dehcho,Lower Liard - Mouth Catchment,10ED,Taiga Plains Liard Plain MB,1987,3,5,3,25,3.2,0.13
Blackstone River,Dehcho,Lower Liard - Mouth Catchment,10ED,Taiga Plains Liard Plain MB,1987,3,5,4,50,3.2,0.06
Blackstone River,Dehcho,Lower Liard - Mouth Catchment,10ED,Taiga Plains Liard Plain MB,1987,3,5,5,47,6.3,0.14
Blackstone River,Dehcho,Lower Liard - Mouth Catchment,10ED,Taiga Plains Liard Plain MB,1987,3,5,6,39,2.5,0.06
Blackstone River,Dehcho,Lower Liard - Mouth Catchment,10ED,Taiga Plains Liard Plain MB,1987,3,5,7,41,5.7,0.14
Blackstone River,Dehcho,Lower Liard - Mouth Catchment,10ED,Taiga Plains Liard Plain MB,1987,3,5,8,43,5.7,0.13
Blackstone River,Dehcho,Lower Liard - Mouth Catchment,10ED,Taiga Plains Liard Plain MB,1987,3,5,9,46,6.3,0.14
Blackstone River,Dehcho,Lower Liard - Mouth Catchment,10ED,Taiga Plains Liard Plain MB,1987,3,5,10,42,6.3,0.15
Blackstone River,Dehcho,Lower Liard - Mouth Catchment,10ED,Taiga Plains Liard Plain MB,1987,2,1,1,,,
Blackstone River,Dehcho,Lower Liard - Mouth Catchment,10ED,Taiga Plains Liard Plain MB,1987,2,1,2,,,
Blackstone River,Dehcho,Lower Liard - Mouth Catchment,10ED,Taiga Plains Liard Plain MB,1987,2,1,3,,,
Blackstone River,Dehcho,Lower Liard - Mouth Catchment,10ED,Taiga Plains Liard Plain MB,1987,2,1,4,,,
Blackstone River,Dehcho,Lower Liard - Mouth Catchment,10ED,Taiga Plains Liard Plain MB,1987,2,1,5,,,
Blackstone River,Dehcho,Lower Liard - Mouth Catchment,10ED,Taiga Plains Liard Plain MB,1987,2,1,6,,,
Blackstone River,Dehcho,Lower Liard - Mouth Catchment,10ED,Taiga Plains Liard Plain MB,1987,2,1,7,,,
Blackstone River,Dehcho,Lower Liard - Mouth Catchment,10ED,Taiga Plains Liard Plain MB,1987,2,1,8,,,
Blackstone River,Dehcho,Lower Liard - Mouth Catchment,10ED,Taiga Plains Liard Plain MB,1987,2,1,9,,,
Blackstone River,Dehcho,Lower Liard - Mouth Catchment,10ED,Taiga Plains Liard Plain MB,1987,2,1,10,,,
Blackstone River,Dehcho,Lower Liard - Mouth Catchment,10ED,Taiga Plains Liard Plain MB,1987,1,5,1,25,3.8,0.15
Blackstone River,Dehcho,Lower Liard - Mouth Catchment,10ED,Taiga Plains Liard Plain MB,1987,1,5,2,20,2.5,0.13
Blackstone River,Dehcho,Lower Liard - Mouth Catchment,10ED,Taiga Plains Liard Plain MB,1987,1,5,3,17,1.3,0.08
Blackstone River,Dehcho,Lower Liard - Mouth Catchment,10ED,Taiga Plains Liard Plain MB,1987,1,5,4,23,1.3,0.06
Blackstone River,Dehcho,Lower Liard - Mouth Catchment,10ED,Taiga Plains Liard Plain MB,1987,1,5,5,28,3.8,0.14
Blackstone River,Dehcho,Lower Liard - Mouth Catchment,10ED,Taiga Plains Liard Plain MB,1987,1,5,6,20,1.3,0.06
Blackstone River,Dehcho,Lower Liard - Mouth Catchment,10ED,Taiga Plains Liard Plain MB,1987,1,5,7,23,2.5,0.11
Blackstone River,Dehcho,Lower Liard - Mouth Catchment,10ED,Taiga Plains Liard Plain MB,1987,1,5,8,27,2.5,0.1
Blackstone River,Dehcho,Lower Liard - Mouth Catchment,10ED,Taiga Plains Liard Plain MB,1987,1,5,9,30,3.8,0.13
Blackstone River,Dehcho,Lower Liard - Mouth Catchment,10ED,Taiga Plains Liard Plain MB,1987,1,5,10,29,6.3,0.22
