Site,Region,Watershed (sub-basin),Catchment Reference Number,Ecozone,Year,Month,Day,Point,Depth (cm),SWE (cm),Density (g/cm3)
Fort Simpson,Dehcho,Lower Liard - Mouth Catchment,10ED,Taiga Plains South Mackenzie Plain MB,2017,3,27,1,70,10,0.143
Fort Simpson,Dehcho,Lower Liard - Mouth Catchment,10ED,Taiga Plains South Mackenzie Plain MB,2017,3,27,2,79,13,0.165
Fort Simpson,Dehcho,Lower Liard - Mouth Catchment,10ED,Taiga Plains South Mackenzie Plain MB,2017,3,27,3,68,11,0.162
Fort Simpson,Dehcho,Lower Liard - Mouth Catchment,10ED,Taiga Plains South Mackenzie Plain MB,2017,3,27,4,59,9,0.153
Fort Simpson,Dehcho,Lower Liard - Mouth Catchment,10ED,Taiga Plains South Mackenzie Plain MB,2017,3,27,5,57,10,0.175
Fort Simpson,Dehcho,Lower Liard - Mouth Catchment,10ED,Taiga Plains South Mackenzie Plain MB,2017,3,27,6,52,8,0.154
Fort Simpson,Dehcho,Lower Liard - Mouth Catchment,10ED,Taiga Plains South Mackenzie Plain MB,2017,3,27,7,64,11,0.172
Fort Simpson,Dehcho,Lower Liard - Mouth Catchment,10ED,Taiga Plains South Mackenzie Plain MB,2017,3,27,8,49,6,0.122
Fort Simpson,Dehcho,Lower Liard - Mouth Catchment,10ED,Taiga Plains South Mackenzie Plain MB,2017,3,27,9,64,7,0.109
Fort Simpson,Dehcho,Lower Liard - Mouth Catchment,10ED,Taiga Plains South Mackenzie Plain MB,2017,3,27,10,62,9,0.145
Fort Simpson,Dehcho,Lower Liard - Mouth Catchment,10ED,Taiga Plains South Mackenzie Plain MB,2016,3,24,1,53,8,0.151
Fort Simpson,Dehcho,Lower Liard - Mouth Catchment,10ED,Taiga Plains South Mackenzie Plain MB,2016,3,24,2,57,5,0.088
Fort Simpson,Dehcho,Lower Liard - Mouth Catchment,10ED,Taiga Plains South Mackenzie Plain MB,2016,3,24,3,53,3,0.057
Fort Simpson,Dehcho,Lower Liard - Mouth Catchment,10ED,Taiga Plains South Mackenzie Plain MB,2016,3,24,4,55,9,0.164
Fort Simpson,Dehcho,Lower Liard - Mouth Catchment,10ED,Taiga Plains South Mackenzie Plain MB,2016,3,24,5,65,8,0.123
Fort Simpson,Dehcho,Lower Liard - Mouth Catchment,10ED,Taiga Plains South Mackenzie Plain MB,2016,3,24,6,56,5,0.089
Fort Simpson,Dehcho,Lower Liard - Mouth Catchment,10ED,Taiga Plains South Mackenzie Plain MB,2016,3,24,7,59,9,0.153
Fort Simpson,Dehcho,Lower Liard - Mouth Catchment,10ED,Taiga Plains South Mackenzie Plain MB,2016,3,24,8,56,7,0.125
Fort Simpson,Dehcho,Lower Liard - Mouth Catchment,10ED,Taiga Plains South Mackenzie Plain MB,2016,3,24,9,58,7,0.121
Fort Simpson,Dehcho,Lower Liard - Mouth Catchment,10ED,Taiga Plains South Mackenzie Plain MB,2016,3,24,10,70,10,0.143
Fort Simpson,Dehcho,Lower Liard - Mouth Catchment,10ED,Taiga Plains South Mackenzie Plain MB,2015,4,2,1,40,8,0.2
Fort Simpson,Dehcho,Lower Liard - Mouth Catchment,10ED,Taiga Plains South Mackenzie Plain MB,2015,4,2,2,55,11,0.2
Fort Simpson,Dehcho,Lower Liard - Mouth Catchment,10ED,Taiga Plains South Mackenzie Plain MB,2015,4,2,3,54,10,0.185185185
Fort Simpson,Dehcho,Lower Liard - Mouth Catchment,10ED,Taiga Plains South Mackenzie Plain MB,2015,4,2,4,51,7,0.137254902
Fort Simpson,Dehcho,Lower Liard - Mouth Catchment,10ED,Taiga Plains South Mackenzie Plain MB,2015,4,2,5,57,11,0.192982456
Fort Simpson,Dehcho,Lower Liard - Mouth Catchment,10ED,Taiga Plains South Mackenzie Plain MB,2015,4,2,6,55,12,0.218181818
Fort Simpson,Dehcho,Lower Liard - Mouth Catchment,10ED,Taiga Plains South Mackenzie Plain MB,2015,4,2,7,69,4,0.057971014
Fort Simpson,Dehcho,Lower Liard - Mouth Catchment,10ED,Taiga Plains South Mackenzie Plain MB,2015,4,2,8,70,13,0.185714286
Fort Simpson,Dehcho,Lower Liard - Mouth Catchment,10ED,Taiga Plains South Mackenzie Plain MB,2015,4,2,9,75,12,0.16
Fort Simpson,Dehcho,Lower Liard - Mouth Catchment,10ED,Taiga Plains South Mackenzie Plain MB,2015,4,2,10,67,13,0.194029851
Fort Simpson,Dehcho,Lower Liard - Mouth Catchment,10ED,Taiga Plains South Mackenzie Plain MB,2013,3,26,1,74,7,0.094594595
Fort Simpson,Dehcho,Lower Liard - Mouth Catchment,10ED,Taiga Plains South Mackenzie Plain MB,2013,3,26,2,75,5,0.066666667
Fort Simpson,Dehcho,Lower Liard - Mouth Catchment,10ED,Taiga Plains South Mackenzie Plain MB,2013,3,26,3,80,6,0.075
Fort Simpson,Dehcho,Lower Liard - Mouth Catchment,10ED,Taiga Plains South Mackenzie Plain MB,2013,3,26,4,74,4.5,0.060810811
Fort Simpson,Dehcho,Lower Liard - Mouth Catchment,10ED,Taiga Plains South Mackenzie Plain MB,2013,3,26,5,74,6,0.081081081
Fort Simpson,Dehcho,Lower Liard - Mouth Catchment,10ED,Taiga Plains South Mackenzie Plain MB,2013,3,26,6,84,6,0.071428571
Fort Simpson,Dehcho,Lower Liard - Mouth Catchment,10ED,Taiga Plains South Mackenzie Plain MB,2013,3,26,7,83,7,0.084337349
Fort Simpson,Dehcho,Lower Liard - Mouth Catchment,10ED,Taiga Plains South Mackenzie Plain MB,2013,3,26,8,82,6.5,0.079268293
Fort Simpson,Dehcho,Lower Liard - Mouth Catchment,10ED,Taiga Plains South Mackenzie Plain MB,2013,3,26,9,72,5.5,0.076388889
Fort Simpson,Dehcho,Lower Liard - Mouth Catchment,10ED,Taiga Plains South Mackenzie Plain MB,2013,3,26,10,79,6,0.075949367
Fort Simpson,Dehcho,Lower Liard - Mouth Catchment,10ED,Taiga Plains South Mackenzie Plain MB,1996,4,19,1,46,9.1,0.2
Fort Simpson,Dehcho,Lower Liard - Mouth Catchment,10ED,Taiga Plains South Mackenzie Plain MB,1996,4,19,2,44,7.6,0.17
Fort Simpson,Dehcho,Lower Liard - Mouth Catchment,10ED,Taiga Plains South Mackenzie Plain MB,1996,4,19,3,43,7.9,0.18
Fort Simpson,Dehcho,Lower Liard - Mouth Catchment,10ED,Taiga Plains South Mackenzie Plain MB,1996,4,19,4,46,8.4,0.18
Fort Simpson,Dehcho,Lower Liard - Mouth Catchment,10ED,Taiga Plains South Mackenzie Plain MB,1996,4,19,5,43,7.4,0.17
Fort Simpson,Dehcho,Lower Liard - Mouth Catchment,10ED,Taiga Plains South Mackenzie Plain MB,1996,4,19,6,44,8.6,0.19
Fort Simpson,Dehcho,Lower Liard - Mouth Catchment,10ED,Taiga Plains South Mackenzie Plain MB,1996,4,19,7,44,8.4,0.19
Fort Simpson,Dehcho,Lower Liard - Mouth Catchment,10ED,Taiga Plains South Mackenzie Plain MB,1996,4,19,8,48,9.7,0.2
Fort Simpson,Dehcho,Lower Liard - Mouth Catchment,10ED,Taiga Plains South Mackenzie Plain MB,1996,4,19,9,48,8.4,0.17
Fort Simpson,Dehcho,Lower Liard - Mouth Catchment,10ED,Taiga Plains South Mackenzie Plain MB,1996,4,19,10,47,8.1,0.17
Fort Simpson,Dehcho,Lower Liard - Mouth Catchment,10ED,Taiga Plains South Mackenzie Plain MB,1996,3,8,1,39,6.1,0.15
Fort Simpson,Dehcho,Lower Liard - Mouth Catchment,10ED,Taiga Plains South Mackenzie Plain MB,1996,3,8,2,39,6.3,0.16
Fort Simpson,Dehcho,Lower Liard - Mouth Catchment,10ED,Taiga Plains South Mackenzie Plain MB,1996,3,8,3,34,5.6,0.16
Fort Simpson,Dehcho,Lower Liard - Mouth Catchment,10ED,Taiga Plains South Mackenzie Plain MB,1996,3,8,4,42,7.1,0.17
Fort Simpson,Dehcho,Lower Liard - Mouth Catchment,10ED,Taiga Plains South Mackenzie Plain MB,1996,3,8,5,44,7.9,0.18
Fort Simpson,Dehcho,Lower Liard - Mouth Catchment,10ED,Taiga Plains South Mackenzie Plain MB,1996,3,8,6,39,6.1,0.15
Fort Simpson,Dehcho,Lower Liard - Mouth Catchment,10ED,Taiga Plains South Mackenzie Plain MB,1996,3,8,7,34,5.3,0.16
Fort Simpson,Dehcho,Lower Liard - Mouth Catchment,10ED,Taiga Plains South Mackenzie Plain MB,1996,3,8,8,48,8.6,0.18
Fort Simpson,Dehcho,Lower Liard - Mouth Catchment,10ED,Taiga Plains South Mackenzie Plain MB,1996,3,8,9,48,8.6,0.18
Fort Simpson,Dehcho,Lower Liard - Mouth Catchment,10ED,Taiga Plains South Mackenzie Plain MB,1996,3,8,10,41,6.6,0.16
Fort Simpson,Dehcho,Lower Liard - Mouth Catchment,10ED,Taiga Plains South Mackenzie Plain MB,1995,12,14,1,19,2,0.11
Fort Simpson,Dehcho,Lower Liard - Mouth Catchment,10ED,Taiga Plains South Mackenzie Plain MB,1995,12,14,2,13,1.3,0.1
Fort Simpson,Dehcho,Lower Liard - Mouth Catchment,10ED,Taiga Plains South Mackenzie Plain MB,1995,12,14,3,13,1.3,0.1
Fort Simpson,Dehcho,Lower Liard - Mouth Catchment,10ED,Taiga Plains South Mackenzie Plain MB,1995,12,14,4,14,1.3,0.09
Fort Simpson,Dehcho,Lower Liard - Mouth Catchment,10ED,Taiga Plains South Mackenzie Plain MB,1995,12,14,5,14,1.8,0.13
Fort Simpson,Dehcho,Lower Liard - Mouth Catchment,10ED,Taiga Plains South Mackenzie Plain MB,1995,12,14,6,17,1.8,0.11
Fort Simpson,Dehcho,Lower Liard - Mouth Catchment,10ED,Taiga Plains South Mackenzie Plain MB,1995,12,14,7,14,1.5,0.11
Fort Simpson,Dehcho,Lower Liard - Mouth Catchment,10ED,Taiga Plains South Mackenzie Plain MB,1995,12,14,8,19,2,0.11
Fort Simpson,Dehcho,Lower Liard - Mouth Catchment,10ED,Taiga Plains South Mackenzie Plain MB,1995,12,14,9,18,1.8,0.1
Fort Simpson,Dehcho,Lower Liard - Mouth Catchment,10ED,Taiga Plains South Mackenzie Plain MB,1995,12,14,10,17,1.8,0.11
Fort Simpson,Dehcho,Lower Liard - Mouth Catchment,10ED,Taiga Plains South Mackenzie Plain MB,1995,3,30,1,56,11.7,0.21
Fort Simpson,Dehcho,Lower Liard - Mouth Catchment,10ED,Taiga Plains South Mackenzie Plain MB,1995,3,30,2,58,11.4,0.2
Fort Simpson,Dehcho,Lower Liard - Mouth Catchment,10ED,Taiga Plains South Mackenzie Plain MB,1995,3,30,3,51,10.9,0.22
Fort Simpson,Dehcho,Lower Liard - Mouth Catchment,10ED,Taiga Plains South Mackenzie Plain MB,1995,3,30,4,61,12.2,0.2
Fort Simpson,Dehcho,Lower Liard - Mouth Catchment,10ED,Taiga Plains South Mackenzie Plain MB,1995,3,30,5,56,11.9,0.21
Fort Simpson,Dehcho,Lower Liard - Mouth Catchment,10ED,Taiga Plains South Mackenzie Plain MB,1995,3,30,6,58,12.4,0.21
Fort Simpson,Dehcho,Lower Liard - Mouth Catchment,10ED,Taiga Plains South Mackenzie Plain MB,1995,3,30,7,53,11.7,0.22
Fort Simpson,Dehcho,Lower Liard - Mouth Catchment,10ED,Taiga Plains South Mackenzie Plain MB,1995,3,30,8,69,13.7,0.2
Fort Simpson,Dehcho,Lower Liard - Mouth Catchment,10ED,Taiga Plains South Mackenzie Plain MB,1995,3,30,9,58,14.7,0.25
Fort Simpson,Dehcho,Lower Liard - Mouth Catchment,10ED,Taiga Plains South Mackenzie Plain MB,1995,3,30,10,63,13.2,0.21
Fort Simpson,Dehcho,Lower Liard - Mouth Catchment,10ED,Taiga Plains South Mackenzie Plain MB,1995,2,16,1,46,7.1,0.16
Fort Simpson,Dehcho,Lower Liard - Mouth Catchment,10ED,Taiga Plains South Mackenzie Plain MB,1995,2,16,2,41,5.8,0.14
Fort Simpson,Dehcho,Lower Liard - Mouth Catchment,10ED,Taiga Plains South Mackenzie Plain MB,1995,2,16,3,43,6.6,0.15
Fort Simpson,Dehcho,Lower Liard - Mouth Catchment,10ED,Taiga Plains South Mackenzie Plain MB,1995,2,16,4,48,7.9,0.16
Fort Simpson,Dehcho,Lower Liard - Mouth Catchment,10ED,Taiga Plains South Mackenzie Plain MB,1995,2,16,5,41,6.1,0.15
Fort Simpson,Dehcho,Lower Liard - Mouth Catchment,10ED,Taiga Plains South Mackenzie Plain MB,1995,2,16,6,46,7.4,0.16
Fort Simpson,Dehcho,Lower Liard - Mouth Catchment,10ED,Taiga Plains South Mackenzie Plain MB,1995,2,16,7,43,7.6,0.18
Fort Simpson,Dehcho,Lower Liard - Mouth Catchment,10ED,Taiga Plains South Mackenzie Plain MB,1995,2,16,8,51,8.1,0.16
Fort Simpson,Dehcho,Lower Liard - Mouth Catchment,10ED,Taiga Plains South Mackenzie Plain MB,1995,2,16,9,43,7.4,0.17
Fort Simpson,Dehcho,Lower Liard - Mouth Catchment,10ED,Taiga Plains South Mackenzie Plain MB,1995,2,16,10,53,8.1,0.15
Fort Simpson,Dehcho,Lower Liard - Mouth Catchment,10ED,Taiga Plains South Mackenzie Plain MB,1994,11,28,1,23,2,0.09
Fort Simpson,Dehcho,Lower Liard - Mouth Catchment,10ED,Taiga Plains South Mackenzie Plain MB,1994,11,28,2,23,2,0.09
Fort Simpson,Dehcho,Lower Liard - Mouth Catchment,10ED,Taiga Plains South Mackenzie Plain MB,1994,11,28,3,23,1.8,0.08
Fort Simpson,Dehcho,Lower Liard - Mouth Catchment,10ED,Taiga Plains South Mackenzie Plain MB,1994,11,28,4,22,2,0.09
Fort Simpson,Dehcho,Lower Liard - Mouth Catchment,10ED,Taiga Plains South Mackenzie Plain MB,1994,11,28,5,23,2,0.09
Fort Simpson,Dehcho,Lower Liard - Mouth Catchment,10ED,Taiga Plains South Mackenzie Plain MB,1994,11,28,6,23,1.8,0.08
Fort Simpson,Dehcho,Lower Liard - Mouth Catchment,10ED,Taiga Plains South Mackenzie Plain MB,1994,11,28,7,20,1.8,0.09
Fort Simpson,Dehcho,Lower Liard - Mouth Catchment,10ED,Taiga Plains South Mackenzie Plain MB,1994,11,28,8,25,2.5,0.1
Fort Simpson,Dehcho,Lower Liard - Mouth Catchment,10ED,Taiga Plains South Mackenzie Plain MB,1994,11,28,9,23,2.5,0.11
Fort Simpson,Dehcho,Lower Liard - Mouth Catchment,10ED,Taiga Plains South Mackenzie Plain MB,1994,11,28,10,23,2.3,0.1
Fort Simpson,Dehcho,Lower Liard - Mouth Catchment,10ED,Taiga Plains South Mackenzie Plain MB,1994,2,28,1,38,5.3,0.14
Fort Simpson,Dehcho,Lower Liard - Mouth Catchment,10ED,Taiga Plains South Mackenzie Plain MB,1994,2,28,2,36,5.6,0.16
Fort Simpson,Dehcho,Lower Liard - Mouth Catchment,10ED,Taiga Plains South Mackenzie Plain MB,1994,2,28,3,36,5.3,0.15
Fort Simpson,Dehcho,Lower Liard - Mouth Catchment,10ED,Taiga Plains South Mackenzie Plain MB,1994,2,28,4,41,7.4,0.18
Fort Simpson,Dehcho,Lower Liard - Mouth Catchment,10ED,Taiga Plains South Mackenzie Plain MB,1994,2,28,5,33,5.6,0.17
Fort Simpson,Dehcho,Lower Liard - Mouth Catchment,10ED,Taiga Plains South Mackenzie Plain MB,1994,2,28,6,41,6.1,0.15
Fort Simpson,Dehcho,Lower Liard - Mouth Catchment,10ED,Taiga Plains South Mackenzie Plain MB,1994,2,28,7,41,6.1,0.15
Fort Simpson,Dehcho,Lower Liard - Mouth Catchment,10ED,Taiga Plains South Mackenzie Plain MB,1994,2,28,8,41,7.4,0.18
Fort Simpson,Dehcho,Lower Liard - Mouth Catchment,10ED,Taiga Plains South Mackenzie Plain MB,1994,2,28,9,33,7.1,0.22
Fort Simpson,Dehcho,Lower Liard - Mouth Catchment,10ED,Taiga Plains South Mackenzie Plain MB,1994,2,28,10,36,6.9,0.19
Fort Simpson,Dehcho,Lower Liard - Mouth Catchment,10ED,Taiga Plains South Mackenzie Plain MB,1994,1,21,1,30,4.3,0.14
Fort Simpson,Dehcho,Lower Liard - Mouth Catchment,10ED,Taiga Plains South Mackenzie Plain MB,1994,1,21,2,36,4.3,0.12
Fort Simpson,Dehcho,Lower Liard - Mouth Catchment,10ED,Taiga Plains South Mackenzie Plain MB,1994,1,21,3,28,4.1,0.15
Fort Simpson,Dehcho,Lower Liard - Mouth Catchment,10ED,Taiga Plains South Mackenzie Plain MB,1994,1,21,4,28,4.1,0.15
Fort Simpson,Dehcho,Lower Liard - Mouth Catchment,10ED,Taiga Plains South Mackenzie Plain MB,1994,1,21,5,30,4.1,0.13
Fort Simpson,Dehcho,Lower Liard - Mouth Catchment,10ED,Taiga Plains South Mackenzie Plain MB,1994,1,21,6,33,4.6,0.14
Fort Simpson,Dehcho,Lower Liard - Mouth Catchment,10ED,Taiga Plains South Mackenzie Plain MB,1994,1,21,7,23,2.8,0.12
Fort Simpson,Dehcho,Lower Liard - Mouth Catchment,10ED,Taiga Plains South Mackenzie Plain MB,1994,1,21,8,36,5.6,0.16
Fort Simpson,Dehcho,Lower Liard - Mouth Catchment,10ED,Taiga Plains South Mackenzie Plain MB,1994,1,21,9,33,5.3,0.16
Fort Simpson,Dehcho,Lower Liard - Mouth Catchment,10ED,Taiga Plains South Mackenzie Plain MB,1994,1,21,10,33,5.1,0.15
Fort Simpson,Dehcho,Lower Liard - Mouth Catchment,10ED,Taiga Plains South Mackenzie Plain MB,1993,2,12,1,51,6.3,0.13
Fort Simpson,Dehcho,Lower Liard - Mouth Catchment,10ED,Taiga Plains South Mackenzie Plain MB,1993,2,12,2,51,8.3,0.16
Fort Simpson,Dehcho,Lower Liard - Mouth Catchment,10ED,Taiga Plains South Mackenzie Plain MB,1993,2,12,3,43,3.8,0.09
Fort Simpson,Dehcho,Lower Liard - Mouth Catchment,10ED,Taiga Plains South Mackenzie Plain MB,1993,2,12,4,46,5.7,0.13
Fort Simpson,Dehcho,Lower Liard - Mouth Catchment,10ED,Taiga Plains South Mackenzie Plain MB,1993,2,12,5,48,5.7,0.12
Fort Simpson,Dehcho,Lower Liard - Mouth Catchment,10ED,Taiga Plains South Mackenzie Plain MB,1993,2,12,6,53,5.7,0.11
Fort Simpson,Dehcho,Lower Liard - Mouth Catchment,10ED,Taiga Plains South Mackenzie Plain MB,1993,2,12,7,36,3.8,0.11
Fort Simpson,Dehcho,Lower Liard - Mouth Catchment,10ED,Taiga Plains South Mackenzie Plain MB,1993,2,12,8,51,7.6,0.15
Fort Simpson,Dehcho,Lower Liard - Mouth Catchment,10ED,Taiga Plains South Mackenzie Plain MB,1993,2,12,9,53,7.6,0.14
Fort Simpson,Dehcho,Lower Liard - Mouth Catchment,10ED,Taiga Plains South Mackenzie Plain MB,1993,2,12,10,51,7,0.14
Fort Simpson,Dehcho,Lower Liard - Mouth Catchment,10ED,Taiga Plains South Mackenzie Plain MB,1992,12,8,1,25,3.2,0.13
Fort Simpson,Dehcho,Lower Liard - Mouth Catchment,10ED,Taiga Plains South Mackenzie Plain MB,1992,12,8,2,24,1.9,0.08
Fort Simpson,Dehcho,Lower Liard - Mouth Catchment,10ED,Taiga Plains South Mackenzie Plain MB,1992,12,8,3,25,3.2,0.13
Fort Simpson,Dehcho,Lower Liard - Mouth Catchment,10ED,Taiga Plains South Mackenzie Plain MB,1992,12,8,4,23,3.8,0.17
Fort Simpson,Dehcho,Lower Liard - Mouth Catchment,10ED,Taiga Plains South Mackenzie Plain MB,1992,12,8,5,22,1.9,0.09
Fort Simpson,Dehcho,Lower Liard - Mouth Catchment,10ED,Taiga Plains South Mackenzie Plain MB,1992,12,8,6,23,2.5,0.11
Fort Simpson,Dehcho,Lower Liard - Mouth Catchment,10ED,Taiga Plains South Mackenzie Plain MB,1992,12,8,7,22,1.3,0.06
Fort Simpson,Dehcho,Lower Liard - Mouth Catchment,10ED,Taiga Plains South Mackenzie Plain MB,1992,12,8,8,25,2.5,0.1
Fort Simpson,Dehcho,Lower Liard - Mouth Catchment,10ED,Taiga Plains South Mackenzie Plain MB,1992,12,8,9,25,1.9,0.08
Fort Simpson,Dehcho,Lower Liard - Mouth Catchment,10ED,Taiga Plains South Mackenzie Plain MB,1992,12,8,10,25,3.8,0.15
Fort Simpson,Dehcho,Lower Liard - Mouth Catchment,10ED,Taiga Plains South Mackenzie Plain MB,1992,3,13,1,58,11.4,0.2
Fort Simpson,Dehcho,Lower Liard - Mouth Catchment,10ED,Taiga Plains South Mackenzie Plain MB,1992,3,13,2,50,8.9,0.18
Fort Simpson,Dehcho,Lower Liard - Mouth Catchment,10ED,Taiga Plains South Mackenzie Plain MB,1992,3,13,3,56,9.5,0.17
Fort Simpson,Dehcho,Lower Liard - Mouth Catchment,10ED,Taiga Plains South Mackenzie Plain MB,1992,3,13,4,58,12.1,0.21
Fort Simpson,Dehcho,Lower Liard - Mouth Catchment,10ED,Taiga Plains South Mackenzie Plain MB,1992,3,13,5,52,9.5,0.18
Fort Simpson,Dehcho,Lower Liard - Mouth Catchment,10ED,Taiga Plains South Mackenzie Plain MB,1992,3,13,6,60,12.7,0.21
Fort Simpson,Dehcho,Lower Liard - Mouth Catchment,10ED,Taiga Plains South Mackenzie Plain MB,1992,3,13,7,51,8.3,0.16
Fort Simpson,Dehcho,Lower Liard - Mouth Catchment,10ED,Taiga Plains South Mackenzie Plain MB,1992,3,13,8,58,12.1,0.21
Fort Simpson,Dehcho,Lower Liard - Mouth Catchment,10ED,Taiga Plains South Mackenzie Plain MB,1992,3,13,9,58,12.1,0.21
Fort Simpson,Dehcho,Lower Liard - Mouth Catchment,10ED,Taiga Plains South Mackenzie Plain MB,1992,3,13,10,55,11.4,0.21
Fort Simpson,Dehcho,Lower Liard - Mouth Catchment,10ED,Taiga Plains South Mackenzie Plain MB,1992,2,7,1,61,10.8,0.18
Fort Simpson,Dehcho,Lower Liard - Mouth Catchment,10ED,Taiga Plains South Mackenzie Plain MB,1992,2,7,2,58,9.5,0.16
Fort Simpson,Dehcho,Lower Liard - Mouth Catchment,10ED,Taiga Plains South Mackenzie Plain MB,1992,2,7,3,58,10.2,0.18
Fort Simpson,Dehcho,Lower Liard - Mouth Catchment,10ED,Taiga Plains South Mackenzie Plain MB,1992,2,7,4,53,8.3,0.15
Fort Simpson,Dehcho,Lower Liard - Mouth Catchment,10ED,Taiga Plains South Mackenzie Plain MB,1992,2,7,5,50,7.6,0.15
Fort Simpson,Dehcho,Lower Liard - Mouth Catchment,10ED,Taiga Plains South Mackenzie Plain MB,1992,2,7,6,55,8.3,0.15
Fort Simpson,Dehcho,Lower Liard - Mouth Catchment,10ED,Taiga Plains South Mackenzie Plain MB,1992,2,7,7,47,7,0.15
Fort Simpson,Dehcho,Lower Liard - Mouth Catchment,10ED,Taiga Plains South Mackenzie Plain MB,1992,2,7,8,58,8.9,0.15
Fort Simpson,Dehcho,Lower Liard - Mouth Catchment,10ED,Taiga Plains South Mackenzie Plain MB,1992,2,7,9,55,8.3,0.15
Fort Simpson,Dehcho,Lower Liard - Mouth Catchment,10ED,Taiga Plains South Mackenzie Plain MB,1992,2,7,10,56,9.5,0.17
Fort Simpson,Dehcho,Lower Liard - Mouth Catchment,10ED,Taiga Plains South Mackenzie Plain MB,1992,1,8,1,41,6.3,0.16
Fort Simpson,Dehcho,Lower Liard - Mouth Catchment,10ED,Taiga Plains South Mackenzie Plain MB,1992,1,8,2,38,7,0.18
Fort Simpson,Dehcho,Lower Liard - Mouth Catchment,10ED,Taiga Plains South Mackenzie Plain MB,1992,1,8,3,33,4.4,0.13
Fort Simpson,Dehcho,Lower Liard - Mouth Catchment,10ED,Taiga Plains South Mackenzie Plain MB,1992,1,8,4,37,6.3,0.17
Fort Simpson,Dehcho,Lower Liard - Mouth Catchment,10ED,Taiga Plains South Mackenzie Plain MB,1992,1,8,5,39,6.3,0.16
Fort Simpson,Dehcho,Lower Liard - Mouth Catchment,10ED,Taiga Plains South Mackenzie Plain MB,1992,1,8,6,41,6.3,0.16
Fort Simpson,Dehcho,Lower Liard - Mouth Catchment,10ED,Taiga Plains South Mackenzie Plain MB,1992,1,8,7,34,6.3,0.19
Fort Simpson,Dehcho,Lower Liard - Mouth Catchment,10ED,Taiga Plains South Mackenzie Plain MB,1992,1,8,8,43,7,0.16
Fort Simpson,Dehcho,Lower Liard - Mouth Catchment,10ED,Taiga Plains South Mackenzie Plain MB,1992,1,8,9,37,8.9,0.24
Fort Simpson,Dehcho,Lower Liard - Mouth Catchment,10ED,Taiga Plains South Mackenzie Plain MB,1992,1,8,10,37,7,0.19
Fort Simpson,Dehcho,Lower Liard - Mouth Catchment,10ED,Taiga Plains South Mackenzie Plain MB,1991,12,13,1,46,7,0.15
Fort Simpson,Dehcho,Lower Liard - Mouth Catchment,10ED,Taiga Plains South Mackenzie Plain MB,1991,12,13,2,42,6.3,0.15
Fort Simpson,Dehcho,Lower Liard - Mouth Catchment,10ED,Taiga Plains South Mackenzie Plain MB,1991,12,13,3,39,4.4,0.11
Fort Simpson,Dehcho,Lower Liard - Mouth Catchment,10ED,Taiga Plains South Mackenzie Plain MB,1991,12,13,4,36,4.4,0.13
Fort Simpson,Dehcho,Lower Liard - Mouth Catchment,10ED,Taiga Plains South Mackenzie Plain MB,1991,12,13,5,30,1.9,0.06
Fort Simpson,Dehcho,Lower Liard - Mouth Catchment,10ED,Taiga Plains South Mackenzie Plain MB,1991,12,13,6,34,6.3,0.19
Fort Simpson,Dehcho,Lower Liard - Mouth Catchment,10ED,Taiga Plains South Mackenzie Plain MB,1991,12,13,7,32,4.4,0.14
Fort Simpson,Dehcho,Lower Liard - Mouth Catchment,10ED,Taiga Plains South Mackenzie Plain MB,1991,12,13,8,44,9.5,0.21
Fort Simpson,Dehcho,Lower Liard - Mouth Catchment,10ED,Taiga Plains South Mackenzie Plain MB,1991,12,13,9,39,5.1,0.13
Fort Simpson,Dehcho,Lower Liard - Mouth Catchment,10ED,Taiga Plains South Mackenzie Plain MB,1991,12,13,10,37,4.4,0.12
Fort Simpson,Dehcho,Lower Liard - Mouth Catchment,10ED,Taiga Plains South Mackenzie Plain MB,1991,11,6,1,15,1.3,0.09
Fort Simpson,Dehcho,Lower Liard - Mouth Catchment,10ED,Taiga Plains South Mackenzie Plain MB,1991,11,6,2,15,1.3,0.08
Fort Simpson,Dehcho,Lower Liard - Mouth Catchment,10ED,Taiga Plains South Mackenzie Plain MB,1991,11,6,3,8,0.1,0.02
Fort Simpson,Dehcho,Lower Liard - Mouth Catchment,10ED,Taiga Plains South Mackenzie Plain MB,1991,11,6,4,15,1.3,0.08
Fort Simpson,Dehcho,Lower Liard - Mouth Catchment,10ED,Taiga Plains South Mackenzie Plain MB,1991,11,6,5,15,1.3,0.08
Fort Simpson,Dehcho,Lower Liard - Mouth Catchment,10ED,Taiga Plains South Mackenzie Plain MB,1991,11,6,6,9,0.3,0.03
Fort Simpson,Dehcho,Lower Liard - Mouth Catchment,10ED,Taiga Plains South Mackenzie Plain MB,1991,11,6,7,9,0.3,0.03
Fort Simpson,Dehcho,Lower Liard - Mouth Catchment,10ED,Taiga Plains South Mackenzie Plain MB,1991,11,6,8,10,0.3,0.02
Fort Simpson,Dehcho,Lower Liard - Mouth Catchment,10ED,Taiga Plains South Mackenzie Plain MB,1991,11,6,9,13,0.6,0.05
Fort Simpson,Dehcho,Lower Liard - Mouth Catchment,10ED,Taiga Plains South Mackenzie Plain MB,1991,11,6,10,17,1.9,0.12
Fort Simpson,Dehcho,Lower Liard - Mouth Catchment,10ED,Taiga Plains South Mackenzie Plain MB,1991,4,16,1,24,6.3,0.27
Fort Simpson,Dehcho,Lower Liard - Mouth Catchment,10ED,Taiga Plains South Mackenzie Plain MB,1991,4,16,2,29,7.6,0.26
Fort Simpson,Dehcho,Lower Liard - Mouth Catchment,10ED,Taiga Plains South Mackenzie Plain MB,1991,4,16,3,22,5.1,0.24
Fort Simpson,Dehcho,Lower Liard - Mouth Catchment,10ED,Taiga Plains South Mackenzie Plain MB,1991,4,16,4,25,3.8,0.15
Fort Simpson,Dehcho,Lower Liard - Mouth Catchment,10ED,Taiga Plains South Mackenzie Plain MB,1991,4,16,5,25,7,0.28
Fort Simpson,Dehcho,Lower Liard - Mouth Catchment,10ED,Taiga Plains South Mackenzie Plain MB,1991,4,16,6,23,6.3,0.28
Fort Simpson,Dehcho,Lower Liard - Mouth Catchment,10ED,Taiga Plains South Mackenzie Plain MB,1991,4,16,7,23,7,0.31
Fort Simpson,Dehcho,Lower Liard - Mouth Catchment,10ED,Taiga Plains South Mackenzie Plain MB,1991,4,16,8,26,8.3,0.32
Fort Simpson,Dehcho,Lower Liard - Mouth Catchment,10ED,Taiga Plains South Mackenzie Plain MB,1991,4,16,9,36,10.8,0.3
Fort Simpson,Dehcho,Lower Liard - Mouth Catchment,10ED,Taiga Plains South Mackenzie Plain MB,1991,4,16,10,29,8.3,0.28
Fort Simpson,Dehcho,Lower Liard - Mouth Catchment,10ED,Taiga Plains South Mackenzie Plain MB,1991,3,25,1,61,10.9,0.18
Fort Simpson,Dehcho,Lower Liard - Mouth Catchment,10ED,Taiga Plains South Mackenzie Plain MB,1991,3,25,2,53,8.4,0.16
Fort Simpson,Dehcho,Lower Liard - Mouth Catchment,10ED,Taiga Plains South Mackenzie Plain MB,1991,3,25,3,55,9.7,0.18
Fort Simpson,Dehcho,Lower Liard - Mouth Catchment,10ED,Taiga Plains South Mackenzie Plain MB,1991,3,25,4,52,8.4,0.16
Fort Simpson,Dehcho,Lower Liard - Mouth Catchment,10ED,Taiga Plains South Mackenzie Plain MB,1991,3,25,5,56,10.2,0.18
Fort Simpson,Dehcho,Lower Liard - Mouth Catchment,10ED,Taiga Plains South Mackenzie Plain MB,1991,3,25,6,58,11.4,0.2
Fort Simpson,Dehcho,Lower Liard - Mouth Catchment,10ED,Taiga Plains South Mackenzie Plain MB,1991,3,25,7,60,10.2,0.17
Fort Simpson,Dehcho,Lower Liard - Mouth Catchment,10ED,Taiga Plains South Mackenzie Plain MB,1991,3,25,8,53,8.9,0.17
Fort Simpson,Dehcho,Lower Liard - Mouth Catchment,10ED,Taiga Plains South Mackenzie Plain MB,1991,3,25,9,70,12.7,0.18
Fort Simpson,Dehcho,Lower Liard - Mouth Catchment,10ED,Taiga Plains South Mackenzie Plain MB,1991,3,25,10,61,12.2,0.2
Fort Simpson,Dehcho,Lower Liard - Mouth Catchment,10ED,Taiga Plains South Mackenzie Plain MB,1991,2,6,1,61,13.3,0.22
Fort Simpson,Dehcho,Lower Liard - Mouth Catchment,10ED,Taiga Plains South Mackenzie Plain MB,1991,2,6,2,51,8.9,0.18
Fort Simpson,Dehcho,Lower Liard - Mouth Catchment,10ED,Taiga Plains South Mackenzie Plain MB,1991,2,6,3,48,10.2,0.21
Fort Simpson,Dehcho,Lower Liard - Mouth Catchment,10ED,Taiga Plains South Mackenzie Plain MB,1991,2,6,4,48,8.3,0.17
Fort Simpson,Dehcho,Lower Liard - Mouth Catchment,10ED,Taiga Plains South Mackenzie Plain MB,1991,2,6,5,51,9.5,0.19
Fort Simpson,Dehcho,Lower Liard - Mouth Catchment,10ED,Taiga Plains South Mackenzie Plain MB,1991,2,6,6,57,7,0.12
Fort Simpson,Dehcho,Lower Liard - Mouth Catchment,10ED,Taiga Plains South Mackenzie Plain MB,1991,2,6,7,51,6.3,0.13
Fort Simpson,Dehcho,Lower Liard - Mouth Catchment,10ED,Taiga Plains South Mackenzie Plain MB,1991,2,6,8,47,8.3,0.18
Fort Simpson,Dehcho,Lower Liard - Mouth Catchment,10ED,Taiga Plains South Mackenzie Plain MB,1991,2,6,9,56,8.9,0.16
Fort Simpson,Dehcho,Lower Liard - Mouth Catchment,10ED,Taiga Plains South Mackenzie Plain MB,1991,2,6,10,57,9.5,0.17
Fort Simpson,Dehcho,Lower Liard - Mouth Catchment,10ED,Taiga Plains South Mackenzie Plain MB,1991,1,14,1,48,7.6,0.16
Fort Simpson,Dehcho,Lower Liard - Mouth Catchment,10ED,Taiga Plains South Mackenzie Plain MB,1991,1,14,2,46,6.3,0.14
Fort Simpson,Dehcho,Lower Liard - Mouth Catchment,10ED,Taiga Plains South Mackenzie Plain MB,1991,1,14,3,38,3.8,0.1
Fort Simpson,Dehcho,Lower Liard - Mouth Catchment,10ED,Taiga Plains South Mackenzie Plain MB,1991,1,14,4,44,6.3,0.14
Fort Simpson,Dehcho,Lower Liard - Mouth Catchment,10ED,Taiga Plains South Mackenzie Plain MB,1991,1,14,5,41,6.3,0.16
Fort Simpson,Dehcho,Lower Liard - Mouth Catchment,10ED,Taiga Plains South Mackenzie Plain MB,1991,1,14,6,48,6.3,0.13
Fort Simpson,Dehcho,Lower Liard - Mouth Catchment,10ED,Taiga Plains South Mackenzie Plain MB,1991,1,14,7,38,6.3,0.17
Fort Simpson,Dehcho,Lower Liard - Mouth Catchment,10ED,Taiga Plains South Mackenzie Plain MB,1991,1,14,8,36,5.1,0.14
Fort Simpson,Dehcho,Lower Liard - Mouth Catchment,10ED,Taiga Plains South Mackenzie Plain MB,1991,1,14,9,46,8.9,0.19
Fort Simpson,Dehcho,Lower Liard - Mouth Catchment,10ED,Taiga Plains South Mackenzie Plain MB,1991,1,14,10,48,8.9,0.18
Fort Simpson,Dehcho,Lower Liard - Mouth Catchment,10ED,Taiga Plains South Mackenzie Plain MB,1990,12,1,1,,,
Fort Simpson,Dehcho,Lower Liard - Mouth Catchment,10ED,Taiga Plains South Mackenzie Plain MB,1990,12,1,2,,,
Fort Simpson,Dehcho,Lower Liard - Mouth Catchment,10ED,Taiga Plains South Mackenzie Plain MB,1990,12,1,3,,,
Fort Simpson,Dehcho,Lower Liard - Mouth Catchment,10ED,Taiga Plains South Mackenzie Plain MB,1990,12,1,4,,,
Fort Simpson,Dehcho,Lower Liard - Mouth Catchment,10ED,Taiga Plains South Mackenzie Plain MB,1990,12,1,5,,,
Fort Simpson,Dehcho,Lower Liard - Mouth Catchment,10ED,Taiga Plains South Mackenzie Plain MB,1990,12,1,6,,,
Fort Simpson,Dehcho,Lower Liard - Mouth Catchment,10ED,Taiga Plains South Mackenzie Plain MB,1990,12,1,7,,,
Fort Simpson,Dehcho,Lower Liard - Mouth Catchment,10ED,Taiga Plains South Mackenzie Plain MB,1990,12,1,8,,,
Fort Simpson,Dehcho,Lower Liard - Mouth Catchment,10ED,Taiga Plains South Mackenzie Plain MB,1990,12,1,9,,,
Fort Simpson,Dehcho,Lower Liard - Mouth Catchment,10ED,Taiga Plains South Mackenzie Plain MB,1990,12,1,10,,,
Fort Simpson,Dehcho,Lower Liard - Mouth Catchment,10ED,Taiga Plains South Mackenzie Plain MB,1990,11,22,1,30,3.8,0.13
Fort Simpson,Dehcho,Lower Liard - Mouth Catchment,10ED,Taiga Plains South Mackenzie Plain MB,1990,11,22,2,29,3.8,0.13
Fort Simpson,Dehcho,Lower Liard - Mouth Catchment,10ED,Taiga Plains South Mackenzie Plain MB,1990,11,22,3,28,4.4,0.16
Fort Simpson,Dehcho,Lower Liard - Mouth Catchment,10ED,Taiga Plains South Mackenzie Plain MB,1990,11,22,4,28,4.4,0.16
Fort Simpson,Dehcho,Lower Liard - Mouth Catchment,10ED,Taiga Plains South Mackenzie Plain MB,1990,11,22,5,27,3.2,0.12
Fort Simpson,Dehcho,Lower Liard - Mouth Catchment,10ED,Taiga Plains South Mackenzie Plain MB,1990,11,22,6,28,3.8,0.14
Fort Simpson,Dehcho,Lower Liard - Mouth Catchment,10ED,Taiga Plains South Mackenzie Plain MB,1990,11,22,7,25,1.9,0.08
Fort Simpson,Dehcho,Lower Liard - Mouth Catchment,10ED,Taiga Plains South Mackenzie Plain MB,1990,11,22,8,20,3.2,0.16
Fort Simpson,Dehcho,Lower Liard - Mouth Catchment,10ED,Taiga Plains South Mackenzie Plain MB,1990,11,22,9,32,5.7,0.18
Fort Simpson,Dehcho,Lower Liard - Mouth Catchment,10ED,Taiga Plains South Mackenzie Plain MB,1990,11,22,10,27,3.2,0.12
Fort Simpson,Dehcho,Lower Liard - Mouth Catchment,10ED,Taiga Plains South Mackenzie Plain MB,1990,4,18,1,30,7.6,0.25
Fort Simpson,Dehcho,Lower Liard - Mouth Catchment,10ED,Taiga Plains South Mackenzie Plain MB,1990,4,18,2,32,10.2,0.32
Fort Simpson,Dehcho,Lower Liard - Mouth Catchment,10ED,Taiga Plains South Mackenzie Plain MB,1990,4,18,3,33,8.3,0.25
Fort Simpson,Dehcho,Lower Liard - Mouth Catchment,10ED,Taiga Plains South Mackenzie Plain MB,1990,4,18,4,33,8.3,0.25
Fort Simpson,Dehcho,Lower Liard - Mouth Catchment,10ED,Taiga Plains South Mackenzie Plain MB,1990,4,18,5,30,10.2,0.33
Fort Simpson,Dehcho,Lower Liard - Mouth Catchment,10ED,Taiga Plains South Mackenzie Plain MB,1990,4,18,6,37,7,0.19
Fort Simpson,Dehcho,Lower Liard - Mouth Catchment,10ED,Taiga Plains South Mackenzie Plain MB,1990,4,18,7,39,8.3,0.21
Fort Simpson,Dehcho,Lower Liard - Mouth Catchment,10ED,Taiga Plains South Mackenzie Plain MB,1990,4,18,8,18,5.1,0.28
Fort Simpson,Dehcho,Lower Liard - Mouth Catchment,10ED,Taiga Plains South Mackenzie Plain MB,1990,4,18,9,50,9.5,0.19
Fort Simpson,Dehcho,Lower Liard - Mouth Catchment,10ED,Taiga Plains South Mackenzie Plain MB,1990,4,18,10,39,11.4,0.29
Fort Simpson,Dehcho,Lower Liard - Mouth Catchment,10ED,Taiga Plains South Mackenzie Plain MB,1990,3,23,1,53,12.1,0.23
Fort Simpson,Dehcho,Lower Liard - Mouth Catchment,10ED,Taiga Plains South Mackenzie Plain MB,1990,3,23,2,56,10.2,0.18
Fort Simpson,Dehcho,Lower Liard - Mouth Catchment,10ED,Taiga Plains South Mackenzie Plain MB,1990,3,23,3,56,8.9,0.16
Fort Simpson,Dehcho,Lower Liard - Mouth Catchment,10ED,Taiga Plains South Mackenzie Plain MB,1990,3,23,4,58,11.4,0.2
Fort Simpson,Dehcho,Lower Liard - Mouth Catchment,10ED,Taiga Plains South Mackenzie Plain MB,1990,3,23,5,56,10.2,0.18
Fort Simpson,Dehcho,Lower Liard - Mouth Catchment,10ED,Taiga Plains South Mackenzie Plain MB,1990,3,23,6,58,12.7,0.22
Fort Simpson,Dehcho,Lower Liard - Mouth Catchment,10ED,Taiga Plains South Mackenzie Plain MB,1990,3,23,7,51,8.9,0.18
Fort Simpson,Dehcho,Lower Liard - Mouth Catchment,10ED,Taiga Plains South Mackenzie Plain MB,1990,3,23,8,56,12.7,0.23
Fort Simpson,Dehcho,Lower Liard - Mouth Catchment,10ED,Taiga Plains South Mackenzie Plain MB,1990,3,23,9,58,12.7,0.22
Fort Simpson,Dehcho,Lower Liard - Mouth Catchment,10ED,Taiga Plains South Mackenzie Plain MB,1990,3,23,10,61,10.2,0.17
Fort Simpson,Dehcho,Lower Liard - Mouth Catchment,10ED,Taiga Plains South Mackenzie Plain MB,1990,2,9,1,66,12.1,0.18
Fort Simpson,Dehcho,Lower Liard - Mouth Catchment,10ED,Taiga Plains South Mackenzie Plain MB,1990,2,9,2,60,10.2,0.17
Fort Simpson,Dehcho,Lower Liard - Mouth Catchment,10ED,Taiga Plains South Mackenzie Plain MB,1990,2,9,3,56,10.8,0.19
Fort Simpson,Dehcho,Lower Liard - Mouth Catchment,10ED,Taiga Plains South Mackenzie Plain MB,1990,2,9,4,65,11.4,0.18
Fort Simpson,Dehcho,Lower Liard - Mouth Catchment,10ED,Taiga Plains South Mackenzie Plain MB,1990,2,9,5,56,8.9,0.16
Fort Simpson,Dehcho,Lower Liard - Mouth Catchment,10ED,Taiga Plains South Mackenzie Plain MB,1990,2,9,6,66,10.2,0.15
Fort Simpson,Dehcho,Lower Liard - Mouth Catchment,10ED,Taiga Plains South Mackenzie Plain MB,1990,2,9,7,60,9.5,0.16
Fort Simpson,Dehcho,Lower Liard - Mouth Catchment,10ED,Taiga Plains South Mackenzie Plain MB,1990,2,9,8,50,8.3,0.17
Fort Simpson,Dehcho,Lower Liard - Mouth Catchment,10ED,Taiga Plains South Mackenzie Plain MB,1990,2,9,9,69,11.4,0.17
Fort Simpson,Dehcho,Lower Liard - Mouth Catchment,10ED,Taiga Plains South Mackenzie Plain MB,1990,2,9,10,66,12.7,0.19
Fort Simpson,Dehcho,Lower Liard - Mouth Catchment,10ED,Taiga Plains South Mackenzie Plain MB,1990,1,16,1,58,10.2,0.17
Fort Simpson,Dehcho,Lower Liard - Mouth Catchment,10ED,Taiga Plains South Mackenzie Plain MB,1990,1,16,2,51,5.7,0.11
Fort Simpson,Dehcho,Lower Liard - Mouth Catchment,10ED,Taiga Plains South Mackenzie Plain MB,1990,1,16,3,56,7.6,0.14
Fort Simpson,Dehcho,Lower Liard - Mouth Catchment,10ED,Taiga Plains South Mackenzie Plain MB,1990,1,16,4,56,8.3,0.15
Fort Simpson,Dehcho,Lower Liard - Mouth Catchment,10ED,Taiga Plains South Mackenzie Plain MB,1990,1,16,5,52,8.9,0.17
Fort Simpson,Dehcho,Lower Liard - Mouth Catchment,10ED,Taiga Plains South Mackenzie Plain MB,1990,1,16,6,58,9.5,0.16
Fort Simpson,Dehcho,Lower Liard - Mouth Catchment,10ED,Taiga Plains South Mackenzie Plain MB,1990,1,16,7,61,12.7,0.21
Fort Simpson,Dehcho,Lower Liard - Mouth Catchment,10ED,Taiga Plains South Mackenzie Plain MB,1990,1,16,8,56,10.2,0.18
Fort Simpson,Dehcho,Lower Liard - Mouth Catchment,10ED,Taiga Plains South Mackenzie Plain MB,1990,1,16,9,66,11.4,0.17
Fort Simpson,Dehcho,Lower Liard - Mouth Catchment,10ED,Taiga Plains South Mackenzie Plain MB,1990,1,16,10,63,11.4,0.18
Fort Simpson,Dehcho,Lower Liard - Mouth Catchment,10ED,Taiga Plains South Mackenzie Plain MB,1989,11,30,1,36,4.4,0.13
Fort Simpson,Dehcho,Lower Liard - Mouth Catchment,10ED,Taiga Plains South Mackenzie Plain MB,1989,11,30,2,30,3.8,0.13
Fort Simpson,Dehcho,Lower Liard - Mouth Catchment,10ED,Taiga Plains South Mackenzie Plain MB,1989,11,30,3,33,4.4,0.13
Fort Simpson,Dehcho,Lower Liard - Mouth Catchment,10ED,Taiga Plains South Mackenzie Plain MB,1989,11,30,4,30,4.4,0.15
Fort Simpson,Dehcho,Lower Liard - Mouth Catchment,10ED,Taiga Plains South Mackenzie Plain MB,1989,11,30,5,30,3.8,0.13
Fort Simpson,Dehcho,Lower Liard - Mouth Catchment,10ED,Taiga Plains South Mackenzie Plain MB,1989,11,30,6,33,4.4,0.13
Fort Simpson,Dehcho,Lower Liard - Mouth Catchment,10ED,Taiga Plains South Mackenzie Plain MB,1989,11,30,7,30,3.8,0.13
Fort Simpson,Dehcho,Lower Liard - Mouth Catchment,10ED,Taiga Plains South Mackenzie Plain MB,1989,11,30,8,24,3.2,0.13
Fort Simpson,Dehcho,Lower Liard - Mouth Catchment,10ED,Taiga Plains South Mackenzie Plain MB,1989,11,30,9,33,4.4,0.13
Fort Simpson,Dehcho,Lower Liard - Mouth Catchment,10ED,Taiga Plains South Mackenzie Plain MB,1989,11,30,10,33,4.4,0.13
Fort Simpson,Dehcho,Lower Liard - Mouth Catchment,10ED,Taiga Plains South Mackenzie Plain MB,1989,3,28,1,57,10.9,0.19
Fort Simpson,Dehcho,Lower Liard - Mouth Catchment,10ED,Taiga Plains South Mackenzie Plain MB,1989,3,28,2,56,12.2,0.22
Fort Simpson,Dehcho,Lower Liard - Mouth Catchment,10ED,Taiga Plains South Mackenzie Plain MB,1989,3,28,3,58,10.9,0.19
Fort Simpson,Dehcho,Lower Liard - Mouth Catchment,10ED,Taiga Plains South Mackenzie Plain MB,1989,3,28,4,60,11.4,0.19
Fort Simpson,Dehcho,Lower Liard - Mouth Catchment,10ED,Taiga Plains South Mackenzie Plain MB,1989,3,28,5,51,8.9,0.18
Fort Simpson,Dehcho,Lower Liard - Mouth Catchment,10ED,Taiga Plains South Mackenzie Plain MB,1989,3,28,6,51,8.4,0.17
Fort Simpson,Dehcho,Lower Liard - Mouth Catchment,10ED,Taiga Plains South Mackenzie Plain MB,1989,3,28,7,57,10.2,0.18
Fort Simpson,Dehcho,Lower Liard - Mouth Catchment,10ED,Taiga Plains South Mackenzie Plain MB,1989,3,28,8,52,12.2,0.23
Fort Simpson,Dehcho,Lower Liard - Mouth Catchment,10ED,Taiga Plains South Mackenzie Plain MB,1989,3,28,9,62,12.7,0.2
Fort Simpson,Dehcho,Lower Liard - Mouth Catchment,10ED,Taiga Plains South Mackenzie Plain MB,1989,3,28,10,58,10.2,0.17
Fort Simpson,Dehcho,Lower Liard - Mouth Catchment,10ED,Taiga Plains South Mackenzie Plain MB,1989,3,9,1,62,11.4,0.18
Fort Simpson,Dehcho,Lower Liard - Mouth Catchment,10ED,Taiga Plains South Mackenzie Plain MB,1989,3,9,2,52,8.9,0.17
Fort Simpson,Dehcho,Lower Liard - Mouth Catchment,10ED,Taiga Plains South Mackenzie Plain MB,1989,3,9,3,52,7.6,0.15
Fort Simpson,Dehcho,Lower Liard - Mouth Catchment,10ED,Taiga Plains South Mackenzie Plain MB,1989,3,9,4,55,10.2,0.19
Fort Simpson,Dehcho,Lower Liard - Mouth Catchment,10ED,Taiga Plains South Mackenzie Plain MB,1989,3,9,5,52,7.1,0.14
Fort Simpson,Dehcho,Lower Liard - Mouth Catchment,10ED,Taiga Plains South Mackenzie Plain MB,1989,3,9,6,62,11.4,0.18
Fort Simpson,Dehcho,Lower Liard - Mouth Catchment,10ED,Taiga Plains South Mackenzie Plain MB,1989,3,9,7,52,8.9,0.17
Fort Simpson,Dehcho,Lower Liard - Mouth Catchment,10ED,Taiga Plains South Mackenzie Plain MB,1989,3,9,8,51,10.2,0.2
Fort Simpson,Dehcho,Lower Liard - Mouth Catchment,10ED,Taiga Plains South Mackenzie Plain MB,1989,3,9,9,63,10.2,0.16
Fort Simpson,Dehcho,Lower Liard - Mouth Catchment,10ED,Taiga Plains South Mackenzie Plain MB,1989,3,9,10,63,14,0.22
Fort Simpson,Dehcho,Lower Liard - Mouth Catchment,10ED,Taiga Plains South Mackenzie Plain MB,1989,2,7,1,43,8.9,0.21
Fort Simpson,Dehcho,Lower Liard - Mouth Catchment,10ED,Taiga Plains South Mackenzie Plain MB,1989,2,7,2,52,7,0.13
Fort Simpson,Dehcho,Lower Liard - Mouth Catchment,10ED,Taiga Plains South Mackenzie Plain MB,1989,2,7,3,57,9.5,0.17
Fort Simpson,Dehcho,Lower Liard - Mouth Catchment,10ED,Taiga Plains South Mackenzie Plain MB,1989,2,7,4,58,9.5,0.16
Fort Simpson,Dehcho,Lower Liard - Mouth Catchment,10ED,Taiga Plains South Mackenzie Plain MB,1989,2,7,5,51,9.5,0.19
Fort Simpson,Dehcho,Lower Liard - Mouth Catchment,10ED,Taiga Plains South Mackenzie Plain MB,1989,2,7,6,55,9.5,0.17
Fort Simpson,Dehcho,Lower Liard - Mouth Catchment,10ED,Taiga Plains South Mackenzie Plain MB,1989,2,7,7,55,8.9,0.16
Fort Simpson,Dehcho,Lower Liard - Mouth Catchment,10ED,Taiga Plains South Mackenzie Plain MB,1989,2,7,8,41,6.3,0.16
Fort Simpson,Dehcho,Lower Liard - Mouth Catchment,10ED,Taiga Plains South Mackenzie Plain MB,1989,2,7,9,55,8.9,0.16
Fort Simpson,Dehcho,Lower Liard - Mouth Catchment,10ED,Taiga Plains South Mackenzie Plain MB,1989,2,7,10,57,9.5,0.17
Fort Simpson,Dehcho,Lower Liard - Mouth Catchment,10ED,Taiga Plains South Mackenzie Plain MB,1989,1,4,1,38,6.3,0.17
Fort Simpson,Dehcho,Lower Liard - Mouth Catchment,10ED,Taiga Plains South Mackenzie Plain MB,1989,1,4,2,42,6.3,0.15
Fort Simpson,Dehcho,Lower Liard - Mouth Catchment,10ED,Taiga Plains South Mackenzie Plain MB,1989,1,4,3,43,6.3,0.15
Fort Simpson,Dehcho,Lower Liard - Mouth Catchment,10ED,Taiga Plains South Mackenzie Plain MB,1989,1,4,4,46,7.6,0.17
Fort Simpson,Dehcho,Lower Liard - Mouth Catchment,10ED,Taiga Plains South Mackenzie Plain MB,1989,1,4,5,38,7,0.18
Fort Simpson,Dehcho,Lower Liard - Mouth Catchment,10ED,Taiga Plains South Mackenzie Plain MB,1989,1,4,6,43,6.3,0.15
Fort Simpson,Dehcho,Lower Liard - Mouth Catchment,10ED,Taiga Plains South Mackenzie Plain MB,1989,1,4,7,51,8.9,0.18
Fort Simpson,Dehcho,Lower Liard - Mouth Catchment,10ED,Taiga Plains South Mackenzie Plain MB,1989,1,4,8,42,7,0.17
Fort Simpson,Dehcho,Lower Liard - Mouth Catchment,10ED,Taiga Plains South Mackenzie Plain MB,1989,1,4,9,46,6.3,0.14
Fort Simpson,Dehcho,Lower Liard - Mouth Catchment,10ED,Taiga Plains South Mackenzie Plain MB,1989,1,4,10,47,7.6,0.16
Fort Simpson,Dehcho,Lower Liard - Mouth Catchment,10ED,Taiga Plains South Mackenzie Plain MB,1988,11,29,1,29,5.1,0.17
Fort Simpson,Dehcho,Lower Liard - Mouth Catchment,10ED,Taiga Plains South Mackenzie Plain MB,1988,11,29,2,28,4.4,0.16
Fort Simpson,Dehcho,Lower Liard - Mouth Catchment,10ED,Taiga Plains South Mackenzie Plain MB,1988,11,29,3,37,5.7,0.16
Fort Simpson,Dehcho,Lower Liard - Mouth Catchment,10ED,Taiga Plains South Mackenzie Plain MB,1988,11,29,4,33,5.1,0.15
Fort Simpson,Dehcho,Lower Liard - Mouth Catchment,10ED,Taiga Plains South Mackenzie Plain MB,1988,11,29,5,32,5.1,0.16
Fort Simpson,Dehcho,Lower Liard - Mouth Catchment,10ED,Taiga Plains South Mackenzie Plain MB,1988,11,29,6,36,5.7,0.16
Fort Simpson,Dehcho,Lower Liard - Mouth Catchment,10ED,Taiga Plains South Mackenzie Plain MB,1988,11,29,7,25,2.5,0.1
Fort Simpson,Dehcho,Lower Liard - Mouth Catchment,10ED,Taiga Plains South Mackenzie Plain MB,1988,11,29,8,34,4.4,0.13
Fort Simpson,Dehcho,Lower Liard - Mouth Catchment,10ED,Taiga Plains South Mackenzie Plain MB,1988,11,29,9,42,6.3,0.15
Fort Simpson,Dehcho,Lower Liard - Mouth Catchment,10ED,Taiga Plains South Mackenzie Plain MB,1988,11,29,10,32,3.2,0.1
Fort Simpson,Dehcho,Lower Liard - Mouth Catchment,10ED,Taiga Plains South Mackenzie Plain MB,1988,11,1,1,23,1.9,0.08
Fort Simpson,Dehcho,Lower Liard - Mouth Catchment,10ED,Taiga Plains South Mackenzie Plain MB,1988,11,1,2,20,2.5,0.13
Fort Simpson,Dehcho,Lower Liard - Mouth Catchment,10ED,Taiga Plains South Mackenzie Plain MB,1988,11,1,3,22,1.9,0.09
Fort Simpson,Dehcho,Lower Liard - Mouth Catchment,10ED,Taiga Plains South Mackenzie Plain MB,1988,11,1,4,23,1.9,0.08
Fort Simpson,Dehcho,Lower Liard - Mouth Catchment,10ED,Taiga Plains South Mackenzie Plain MB,1988,11,1,5,22,1.9,0.09
Fort Simpson,Dehcho,Lower Liard - Mouth Catchment,10ED,Taiga Plains South Mackenzie Plain MB,1988,11,1,6,23,1.9,0.08
Fort Simpson,Dehcho,Lower Liard - Mouth Catchment,10ED,Taiga Plains South Mackenzie Plain MB,1988,11,1,7,18,1.9,0.11
Fort Simpson,Dehcho,Lower Liard - Mouth Catchment,10ED,Taiga Plains South Mackenzie Plain MB,1988,11,1,8,18,1.3,0.07
Fort Simpson,Dehcho,Lower Liard - Mouth Catchment,10ED,Taiga Plains South Mackenzie Plain MB,1988,11,1,9,27,3.2,0.12
Fort Simpson,Dehcho,Lower Liard - Mouth Catchment,10ED,Taiga Plains South Mackenzie Plain MB,1988,11,1,10,23,3.2,0.14
Fort Simpson,Dehcho,Lower Liard - Mouth Catchment,10ED,Taiga Plains South Mackenzie Plain MB,1988,3,25,1,43,12.1,0.28
Fort Simpson,Dehcho,Lower Liard - Mouth Catchment,10ED,Taiga Plains South Mackenzie Plain MB,1988,3,25,2,44,12.1,0.27
Fort Simpson,Dehcho,Lower Liard - Mouth Catchment,10ED,Taiga Plains South Mackenzie Plain MB,1988,3,25,3,46,12.7,0.28
Fort Simpson,Dehcho,Lower Liard - Mouth Catchment,10ED,Taiga Plains South Mackenzie Plain MB,1988,3,25,4,51,14.6,0.29
Fort Simpson,Dehcho,Lower Liard - Mouth Catchment,10ED,Taiga Plains South Mackenzie Plain MB,1988,3,25,5,44,12.1,0.27
Fort Simpson,Dehcho,Lower Liard - Mouth Catchment,10ED,Taiga Plains South Mackenzie Plain MB,1988,3,25,6,61,17.8,0.29
Fort Simpson,Dehcho,Lower Liard - Mouth Catchment,10ED,Taiga Plains South Mackenzie Plain MB,1988,3,25,7,44,12.7,0.29
Fort Simpson,Dehcho,Lower Liard - Mouth Catchment,10ED,Taiga Plains South Mackenzie Plain MB,1988,3,25,8,48,14,0.29
Fort Simpson,Dehcho,Lower Liard - Mouth Catchment,10ED,Taiga Plains South Mackenzie Plain MB,1988,3,25,9,48,14,0.29
Fort Simpson,Dehcho,Lower Liard - Mouth Catchment,10ED,Taiga Plains South Mackenzie Plain MB,1988,3,25,10,53,14.6,0.27
Fort Simpson,Dehcho,Lower Liard - Mouth Catchment,10ED,Taiga Plains South Mackenzie Plain MB,1987,4,17,1,,,
Fort Simpson,Dehcho,Lower Liard - Mouth Catchment,10ED,Taiga Plains South Mackenzie Plain MB,1987,4,17,2,,,
Fort Simpson,Dehcho,Lower Liard - Mouth Catchment,10ED,Taiga Plains South Mackenzie Plain MB,1987,4,17,3,,,
Fort Simpson,Dehcho,Lower Liard - Mouth Catchment,10ED,Taiga Plains South Mackenzie Plain MB,1987,4,17,4,,,
Fort Simpson,Dehcho,Lower Liard - Mouth Catchment,10ED,Taiga Plains South Mackenzie Plain MB,1987,4,17,5,,,
Fort Simpson,Dehcho,Lower Liard - Mouth Catchment,10ED,Taiga Plains South Mackenzie Plain MB,1987,4,17,6,,,
Fort Simpson,Dehcho,Lower Liard - Mouth Catchment,10ED,Taiga Plains South Mackenzie Plain MB,1987,4,17,7,,,
Fort Simpson,Dehcho,Lower Liard - Mouth Catchment,10ED,Taiga Plains South Mackenzie Plain MB,1987,4,17,8,,,
Fort Simpson,Dehcho,Lower Liard - Mouth Catchment,10ED,Taiga Plains South Mackenzie Plain MB,1987,4,17,9,,,
Fort Simpson,Dehcho,Lower Liard - Mouth Catchment,10ED,Taiga Plains South Mackenzie Plain MB,1987,4,17,10,,,
Fort Simpson,Dehcho,Lower Liard - Mouth Catchment,10ED,Taiga Plains South Mackenzie Plain MB,1987,3,3,1,41,6.3,0.16
Fort Simpson,Dehcho,Lower Liard - Mouth Catchment,10ED,Taiga Plains South Mackenzie Plain MB,1987,3,3,2,41,6.3,0.16
Fort Simpson,Dehcho,Lower Liard - Mouth Catchment,10ED,Taiga Plains South Mackenzie Plain MB,1987,3,3,3,38,6.3,0.17
Fort Simpson,Dehcho,Lower Liard - Mouth Catchment,10ED,Taiga Plains South Mackenzie Plain MB,1987,3,3,4,41,6.3,0.16
Fort Simpson,Dehcho,Lower Liard - Mouth Catchment,10ED,Taiga Plains South Mackenzie Plain MB,1987,3,3,5,36,6.3,0.18
Fort Simpson,Dehcho,Lower Liard - Mouth Catchment,10ED,Taiga Plains South Mackenzie Plain MB,1987,3,3,6,53,7.6,0.14
Fort Simpson,Dehcho,Lower Liard - Mouth Catchment,10ED,Taiga Plains South Mackenzie Plain MB,1987,3,3,7,39,5.1,0.13
Fort Simpson,Dehcho,Lower Liard - Mouth Catchment,10ED,Taiga Plains South Mackenzie Plain MB,1987,3,3,8,38,6.3,0.17
Fort Simpson,Dehcho,Lower Liard - Mouth Catchment,10ED,Taiga Plains South Mackenzie Plain MB,1987,3,3,9,46,5.1,0.11
Fort Simpson,Dehcho,Lower Liard - Mouth Catchment,10ED,Taiga Plains South Mackenzie Plain MB,1987,3,3,10,51,6.3,0.13
Fort Simpson,Dehcho,Lower Liard - Mouth Catchment,10ED,Taiga Plains South Mackenzie Plain MB,1987,2,4,1,52,9.5,0.18
Fort Simpson,Dehcho,Lower Liard - Mouth Catchment,10ED,Taiga Plains South Mackenzie Plain MB,1987,2,4,2,56,10.2,0.18
Fort Simpson,Dehcho,Lower Liard - Mouth Catchment,10ED,Taiga Plains South Mackenzie Plain MB,1987,2,4,3,47,7.6,0.16
Fort Simpson,Dehcho,Lower Liard - Mouth Catchment,10ED,Taiga Plains South Mackenzie Plain MB,1987,2,4,4,46,8.3,0.18
Fort Simpson,Dehcho,Lower Liard - Mouth Catchment,10ED,Taiga Plains South Mackenzie Plain MB,1987,2,4,5,55,10.2,0.19
Fort Simpson,Dehcho,Lower Liard - Mouth Catchment,10ED,Taiga Plains South Mackenzie Plain MB,1987,2,4,6,56,9.5,0.17
Fort Simpson,Dehcho,Lower Liard - Mouth Catchment,10ED,Taiga Plains South Mackenzie Plain MB,1987,2,4,7,39,6.3,0.16
Fort Simpson,Dehcho,Lower Liard - Mouth Catchment,10ED,Taiga Plains South Mackenzie Plain MB,1987,2,4,8,47,7,0.15
Fort Simpson,Dehcho,Lower Liard - Mouth Catchment,10ED,Taiga Plains South Mackenzie Plain MB,1987,2,4,9,48,9.5,0.2
Fort Simpson,Dehcho,Lower Liard - Mouth Catchment,10ED,Taiga Plains South Mackenzie Plain MB,1987,2,4,10,47,8.3,0.18
Fort Simpson,Dehcho,Lower Liard - Mouth Catchment,10ED,Taiga Plains South Mackenzie Plain MB,1987,1,27,1,29,5.1,0.17
Fort Simpson,Dehcho,Lower Liard - Mouth Catchment,10ED,Taiga Plains South Mackenzie Plain MB,1987,1,27,2,30,5.1,0.17
Fort Simpson,Dehcho,Lower Liard - Mouth Catchment,10ED,Taiga Plains South Mackenzie Plain MB,1987,1,27,3,28,3.8,0.14
Fort Simpson,Dehcho,Lower Liard - Mouth Catchment,10ED,Taiga Plains South Mackenzie Plain MB,1987,1,27,4,25,3.8,0.15
Fort Simpson,Dehcho,Lower Liard - Mouth Catchment,10ED,Taiga Plains South Mackenzie Plain MB,1987,1,27,5,27,5.1,0.19
Fort Simpson,Dehcho,Lower Liard - Mouth Catchment,10ED,Taiga Plains South Mackenzie Plain MB,1987,1,27,6,33,5.1,0.15
Fort Simpson,Dehcho,Lower Liard - Mouth Catchment,10ED,Taiga Plains South Mackenzie Plain MB,1987,1,27,7,25,3.8,0.15
Fort Simpson,Dehcho,Lower Liard - Mouth Catchment,10ED,Taiga Plains South Mackenzie Plain MB,1987,1,27,8,32,3.8,0.12
Fort Simpson,Dehcho,Lower Liard - Mouth Catchment,10ED,Taiga Plains South Mackenzie Plain MB,1987,1,27,9,25,3.8,0.15
Fort Simpson,Dehcho,Lower Liard - Mouth Catchment,10ED,Taiga Plains South Mackenzie Plain MB,1987,1,27,10,19,2.5,0.13
Fort Simpson,Dehcho,Lower Liard - Mouth Catchment,10ED,Taiga Plains South Mackenzie Plain MB,1986,11,28,1,15,1.3,0.08
Fort Simpson,Dehcho,Lower Liard - Mouth Catchment,10ED,Taiga Plains South Mackenzie Plain MB,1986,11,28,2,19,1.9,0.1
Fort Simpson,Dehcho,Lower Liard - Mouth Catchment,10ED,Taiga Plains South Mackenzie Plain MB,1986,11,28,3,19,1.9,0.1
Fort Simpson,Dehcho,Lower Liard - Mouth Catchment,10ED,Taiga Plains South Mackenzie Plain MB,1986,11,28,4,17,1.3,0.08
Fort Simpson,Dehcho,Lower Liard - Mouth Catchment,10ED,Taiga Plains South Mackenzie Plain MB,1986,11,28,5,20,3.2,0.16
Fort Simpson,Dehcho,Lower Liard - Mouth Catchment,10ED,Taiga Plains South Mackenzie Plain MB,1986,11,28,6,23,3.2,0.14
Fort Simpson,Dehcho,Lower Liard - Mouth Catchment,10ED,Taiga Plains South Mackenzie Plain MB,1986,11,28,7,17,1.3,0.08
Fort Simpson,Dehcho,Lower Liard - Mouth Catchment,10ED,Taiga Plains South Mackenzie Plain MB,1986,11,28,8,18,1.9,0.11
Fort Simpson,Dehcho,Lower Liard - Mouth Catchment,10ED,Taiga Plains South Mackenzie Plain MB,1986,11,28,9,18,1.9,0.11
Fort Simpson,Dehcho,Lower Liard - Mouth Catchment,10ED,Taiga Plains South Mackenzie Plain MB,1986,11,28,10,19,2.5,0.13
Fort Simpson,Dehcho,Lower Liard - Mouth Catchment,10ED,Taiga Plains South Mackenzie Plain MB,1986,5,5,1,29,10.7,0.37
Fort Simpson,Dehcho,Lower Liard - Mouth Catchment,10ED,Taiga Plains South Mackenzie Plain MB,1986,5,5,2,34,10.9,0.32
Fort Simpson,Dehcho,Lower Liard - Mouth Catchment,10ED,Taiga Plains South Mackenzie Plain MB,1986,5,5,3,24,9.7,0.4
Fort Simpson,Dehcho,Lower Liard - Mouth Catchment,10ED,Taiga Plains South Mackenzie Plain MB,1986,5,5,4,18,6.1,0.34
Fort Simpson,Dehcho,Lower Liard - Mouth Catchment,10ED,Taiga Plains South Mackenzie Plain MB,1986,5,5,5,48,14.2,0.29
Fort Simpson,Dehcho,Lower Liard - Mouth Catchment,10ED,Taiga Plains South Mackenzie Plain MB,1986,5,5,6,42,14.2,0.34
Fort Simpson,Dehcho,Lower Liard - Mouth Catchment,10ED,Taiga Plains South Mackenzie Plain MB,1986,5,5,7,29,7.9,0.27
Fort Simpson,Dehcho,Lower Liard - Mouth Catchment,10ED,Taiga Plains South Mackenzie Plain MB,1986,5,5,8,36,9.9,0.28
Fort Simpson,Dehcho,Lower Liard - Mouth Catchment,10ED,Taiga Plains South Mackenzie Plain MB,1986,5,5,9,36,13,0.36
Fort Simpson,Dehcho,Lower Liard - Mouth Catchment,10ED,Taiga Plains South Mackenzie Plain MB,1986,5,5,10,24,9.7,0.4
Fort Simpson,Dehcho,Lower Liard - Mouth Catchment,10ED,Taiga Plains South Mackenzie Plain MB,1986,4,4,1,84,16.5,0.2
Fort Simpson,Dehcho,Lower Liard - Mouth Catchment,10ED,Taiga Plains South Mackenzie Plain MB,1986,4,4,2,66,14.5,0.22
Fort Simpson,Dehcho,Lower Liard - Mouth Catchment,10ED,Taiga Plains South Mackenzie Plain MB,1986,4,4,3,69,11.4,0.17
Fort Simpson,Dehcho,Lower Liard - Mouth Catchment,10ED,Taiga Plains South Mackenzie Plain MB,1986,4,4,4,62,11.7,0.19
Fort Simpson,Dehcho,Lower Liard - Mouth Catchment,10ED,Taiga Plains South Mackenzie Plain MB,1986,4,4,5,69,12.7,0.19
Fort Simpson,Dehcho,Lower Liard - Mouth Catchment,10ED,Taiga Plains South Mackenzie Plain MB,1986,4,4,6,67,11.9,0.18
Fort Simpson,Dehcho,Lower Liard - Mouth Catchment,10ED,Taiga Plains South Mackenzie Plain MB,1986,4,4,7,65,12.2,0.19
Fort Simpson,Dehcho,Lower Liard - Mouth Catchment,10ED,Taiga Plains South Mackenzie Plain MB,1986,4,4,8,63,11.9,0.19
Fort Simpson,Dehcho,Lower Liard - Mouth Catchment,10ED,Taiga Plains South Mackenzie Plain MB,1986,4,4,9,63,12.7,0.2
Fort Simpson,Dehcho,Lower Liard - Mouth Catchment,10ED,Taiga Plains South Mackenzie Plain MB,1986,4,4,10,65,12.2,0.19
Fort Simpson,Dehcho,Lower Liard - Mouth Catchment,10ED,Taiga Plains South Mackenzie Plain MB,1986,2,26,1,61,12.7,0.21
Fort Simpson,Dehcho,Lower Liard - Mouth Catchment,10ED,Taiga Plains South Mackenzie Plain MB,1986,2,26,2,56,11.4,0.2
Fort Simpson,Dehcho,Lower Liard - Mouth Catchment,10ED,Taiga Plains South Mackenzie Plain MB,1986,2,26,3,56,10.2,0.18
Fort Simpson,Dehcho,Lower Liard - Mouth Catchment,10ED,Taiga Plains South Mackenzie Plain MB,1986,2,26,4,51,7.6,0.15
Fort Simpson,Dehcho,Lower Liard - Mouth Catchment,10ED,Taiga Plains South Mackenzie Plain MB,1986,2,26,5,71,10.2,0.14
Fort Simpson,Dehcho,Lower Liard - Mouth Catchment,10ED,Taiga Plains South Mackenzie Plain MB,1986,2,26,6,63,11.4,0.18
Fort Simpson,Dehcho,Lower Liard - Mouth Catchment,10ED,Taiga Plains South Mackenzie Plain MB,1986,2,26,7,51,8.3,0.16
Fort Simpson,Dehcho,Lower Liard - Mouth Catchment,10ED,Taiga Plains South Mackenzie Plain MB,1986,2,26,8,65,13.3,0.21
Fort Simpson,Dehcho,Lower Liard - Mouth Catchment,10ED,Taiga Plains South Mackenzie Plain MB,1986,2,26,9,52,8.9,0.17
Fort Simpson,Dehcho,Lower Liard - Mouth Catchment,10ED,Taiga Plains South Mackenzie Plain MB,1986,2,26,10,46,7,0.15
Fort Simpson,Dehcho,Lower Liard - Mouth Catchment,10ED,Taiga Plains South Mackenzie Plain MB,1986,1,31,1,58,10.2,0.17
Fort Simpson,Dehcho,Lower Liard - Mouth Catchment,10ED,Taiga Plains South Mackenzie Plain MB,1986,1,31,2,55,10.2,0.19
Fort Simpson,Dehcho,Lower Liard - Mouth Catchment,10ED,Taiga Plains South Mackenzie Plain MB,1986,1,31,3,56,8.4,0.15
Fort Simpson,Dehcho,Lower Liard - Mouth Catchment,10ED,Taiga Plains South Mackenzie Plain MB,1986,1,31,4,56,7.1,0.13
Fort Simpson,Dehcho,Lower Liard - Mouth Catchment,10ED,Taiga Plains South Mackenzie Plain MB,1986,1,31,5,48,8.4,0.17
Fort Simpson,Dehcho,Lower Liard - Mouth Catchment,10ED,Taiga Plains South Mackenzie Plain MB,1986,1,31,6,63,11.4,0.18
Fort Simpson,Dehcho,Lower Liard - Mouth Catchment,10ED,Taiga Plains South Mackenzie Plain MB,1986,1,31,7,46,7.6,0.17
Fort Simpson,Dehcho,Lower Liard - Mouth Catchment,10ED,Taiga Plains South Mackenzie Plain MB,1986,1,31,8,62,11.2,0.18
Fort Simpson,Dehcho,Lower Liard - Mouth Catchment,10ED,Taiga Plains South Mackenzie Plain MB,1986,1,31,9,48,8.1,0.17
Fort Simpson,Dehcho,Lower Liard - Mouth Catchment,10ED,Taiga Plains South Mackenzie Plain MB,1986,1,31,10,44,6.3,0.14
Fort Simpson,Dehcho,Lower Liard - Mouth Catchment,10ED,Taiga Plains South Mackenzie Plain MB,1986,1,6,1,47,7.9,0.17
Fort Simpson,Dehcho,Lower Liard - Mouth Catchment,10ED,Taiga Plains South Mackenzie Plain MB,1986,1,6,2,41,9.3,0.23
Fort Simpson,Dehcho,Lower Liard - Mouth Catchment,10ED,Taiga Plains South Mackenzie Plain MB,1986,1,6,3,43,7.4,0.17
Fort Simpson,Dehcho,Lower Liard - Mouth Catchment,10ED,Taiga Plains South Mackenzie Plain MB,1986,1,6,4,36,7.4,0.21
Fort Simpson,Dehcho,Lower Liard - Mouth Catchment,10ED,Taiga Plains South Mackenzie Plain MB,1986,1,6,5,42,7.9,0.19
Fort Simpson,Dehcho,Lower Liard - Mouth Catchment,10ED,Taiga Plains South Mackenzie Plain MB,1986,1,6,6,36,8.1,0.23
Fort Simpson,Dehcho,Lower Liard - Mouth Catchment,10ED,Taiga Plains South Mackenzie Plain MB,1986,1,6,7,36,5.8,0.16
Fort Simpson,Dehcho,Lower Liard - Mouth Catchment,10ED,Taiga Plains South Mackenzie Plain MB,1986,1,6,8,36,6.1,0.17
Fort Simpson,Dehcho,Lower Liard - Mouth Catchment,10ED,Taiga Plains South Mackenzie Plain MB,1986,1,6,9,39,6.6,0.17
Fort Simpson,Dehcho,Lower Liard - Mouth Catchment,10ED,Taiga Plains South Mackenzie Plain MB,1986,1,6,10,38,5.3,0.14
Fort Simpson,Dehcho,Lower Liard - Mouth Catchment,10ED,Taiga Plains South Mackenzie Plain MB,1985,11,26,1,36,5.3,0.15
Fort Simpson,Dehcho,Lower Liard - Mouth Catchment,10ED,Taiga Plains South Mackenzie Plain MB,1985,11,26,2,36,4.1,0.11
Fort Simpson,Dehcho,Lower Liard - Mouth Catchment,10ED,Taiga Plains South Mackenzie Plain MB,1985,11,26,3,36,5.1,0.14
Fort Simpson,Dehcho,Lower Liard - Mouth Catchment,10ED,Taiga Plains South Mackenzie Plain MB,1985,11,26,4,33,3.3,0.1
Fort Simpson,Dehcho,Lower Liard - Mouth Catchment,10ED,Taiga Plains South Mackenzie Plain MB,1985,11,26,5,32,5.8,0.18
Fort Simpson,Dehcho,Lower Liard - Mouth Catchment,10ED,Taiga Plains South Mackenzie Plain MB,1985,11,26,6,33,4.8,0.15
Fort Simpson,Dehcho,Lower Liard - Mouth Catchment,10ED,Taiga Plains South Mackenzie Plain MB,1985,11,26,7,37,4.6,0.12
Fort Simpson,Dehcho,Lower Liard - Mouth Catchment,10ED,Taiga Plains South Mackenzie Plain MB,1985,11,26,8,41,5.3,0.13
Fort Simpson,Dehcho,Lower Liard - Mouth Catchment,10ED,Taiga Plains South Mackenzie Plain MB,1985,11,26,9,33,4.1,0.12
Fort Simpson,Dehcho,Lower Liard - Mouth Catchment,10ED,Taiga Plains South Mackenzie Plain MB,1985,11,26,10,25,1.5,0.06
Fort Simpson,Dehcho,Lower Liard - Mouth Catchment,10ED,Taiga Plains South Mackenzie Plain MB,1985,11,5,1,28,3,0.11
Fort Simpson,Dehcho,Lower Liard - Mouth Catchment,10ED,Taiga Plains South Mackenzie Plain MB,1985,11,5,2,19,2.5,0.13
Fort Simpson,Dehcho,Lower Liard - Mouth Catchment,10ED,Taiga Plains South Mackenzie Plain MB,1985,11,5,3,30,3.6,0.12
Fort Simpson,Dehcho,Lower Liard - Mouth Catchment,10ED,Taiga Plains South Mackenzie Plain MB,1985,11,5,4,23,2.5,0.11
Fort Simpson,Dehcho,Lower Liard - Mouth Catchment,10ED,Taiga Plains South Mackenzie Plain MB,1985,11,5,5,32,4.1,0.13
Fort Simpson,Dehcho,Lower Liard - Mouth Catchment,10ED,Taiga Plains South Mackenzie Plain MB,1985,11,5,6,28,3,0.11
Fort Simpson,Dehcho,Lower Liard - Mouth Catchment,10ED,Taiga Plains South Mackenzie Plain MB,1985,11,5,7,24,2.5,0.11
Fort Simpson,Dehcho,Lower Liard - Mouth Catchment,10ED,Taiga Plains South Mackenzie Plain MB,1985,11,5,8,25,2.5,0.1
Fort Simpson,Dehcho,Lower Liard - Mouth Catchment,10ED,Taiga Plains South Mackenzie Plain MB,1985,11,5,9,27,2.8,0.1
Fort Simpson,Dehcho,Lower Liard - Mouth Catchment,10ED,Taiga Plains South Mackenzie Plain MB,1985,11,5,10,23,2.8,0.12
Fort Simpson,Dehcho,Lower Liard - Mouth Catchment,10ED,Taiga Plains South Mackenzie Plain MB,1985,4,23,1,52,12.2,0.23
Fort Simpson,Dehcho,Lower Liard - Mouth Catchment,10ED,Taiga Plains South Mackenzie Plain MB,1985,4,23,2,48,9.4,0.19
Fort Simpson,Dehcho,Lower Liard - Mouth Catchment,10ED,Taiga Plains South Mackenzie Plain MB,1985,4,23,3,51,10.7,0.21
Fort Simpson,Dehcho,Lower Liard - Mouth Catchment,10ED,Taiga Plains South Mackenzie Plain MB,1985,4,23,4,39,7.6,0.19
Fort Simpson,Dehcho,Lower Liard - Mouth Catchment,10ED,Taiga Plains South Mackenzie Plain MB,1985,4,23,5,46,11.2,0.24
Fort Simpson,Dehcho,Lower Liard - Mouth Catchment,10ED,Taiga Plains South Mackenzie Plain MB,1985,4,23,6,51,11.9,0.24
Fort Simpson,Dehcho,Lower Liard - Mouth Catchment,10ED,Taiga Plains South Mackenzie Plain MB,1985,4,23,7,41,9.4,0.23
Fort Simpson,Dehcho,Lower Liard - Mouth Catchment,10ED,Taiga Plains South Mackenzie Plain MB,1985,4,23,8,50,10.4,0.21
Fort Simpson,Dehcho,Lower Liard - Mouth Catchment,10ED,Taiga Plains South Mackenzie Plain MB,1985,4,23,9,46,11.4,0.25
Fort Simpson,Dehcho,Lower Liard - Mouth Catchment,10ED,Taiga Plains South Mackenzie Plain MB,1985,4,23,10,38,7.4,0.19
Fort Simpson,Dehcho,Lower Liard - Mouth Catchment,10ED,Taiga Plains South Mackenzie Plain MB,1985,3,27,1,57,13.2,0.23
Fort Simpson,Dehcho,Lower Liard - Mouth Catchment,10ED,Taiga Plains South Mackenzie Plain MB,1985,3,27,2,50,10.7,0.22
Fort Simpson,Dehcho,Lower Liard - Mouth Catchment,10ED,Taiga Plains South Mackenzie Plain MB,1985,3,27,3,51,9.9,0.2
Fort Simpson,Dehcho,Lower Liard - Mouth Catchment,10ED,Taiga Plains South Mackenzie Plain MB,1985,3,27,4,50,9.9,0.2
Fort Simpson,Dehcho,Lower Liard - Mouth Catchment,10ED,Taiga Plains South Mackenzie Plain MB,1985,3,27,5,52,11.7,0.22
Fort Simpson,Dehcho,Lower Liard - Mouth Catchment,10ED,Taiga Plains South Mackenzie Plain MB,1985,3,27,6,56,13.5,0.24
Fort Simpson,Dehcho,Lower Liard - Mouth Catchment,10ED,Taiga Plains South Mackenzie Plain MB,1985,3,27,7,44,8.1,0.18
Fort Simpson,Dehcho,Lower Liard - Mouth Catchment,10ED,Taiga Plains South Mackenzie Plain MB,1985,3,27,8,57,12.2,0.21
Fort Simpson,Dehcho,Lower Liard - Mouth Catchment,10ED,Taiga Plains South Mackenzie Plain MB,1985,3,27,9,48,10.7,0.22
Fort Simpson,Dehcho,Lower Liard - Mouth Catchment,10ED,Taiga Plains South Mackenzie Plain MB,1985,3,27,10,37,7.6,0.21
Fort Simpson,Dehcho,Lower Liard - Mouth Catchment,10ED,Taiga Plains South Mackenzie Plain MB,1985,2,28,1,67,10.7,0.16
Fort Simpson,Dehcho,Lower Liard - Mouth Catchment,10ED,Taiga Plains South Mackenzie Plain MB,1985,2,28,2,60,9.4,0.16
Fort Simpson,Dehcho,Lower Liard - Mouth Catchment,10ED,Taiga Plains South Mackenzie Plain MB,1985,2,28,3,62,10.4,0.17
Fort Simpson,Dehcho,Lower Liard - Mouth Catchment,10ED,Taiga Plains South Mackenzie Plain MB,1985,2,28,4,62,8.4,0.13
Fort Simpson,Dehcho,Lower Liard - Mouth Catchment,10ED,Taiga Plains South Mackenzie Plain MB,1985,2,28,5,58,8.6,0.15
Fort Simpson,Dehcho,Lower Liard - Mouth Catchment,10ED,Taiga Plains South Mackenzie Plain MB,1985,2,28,6,66,13.7,0.21
Fort Simpson,Dehcho,Lower Liard - Mouth Catchment,10ED,Taiga Plains South Mackenzie Plain MB,1985,2,28,7,52,8.9,0.17
Fort Simpson,Dehcho,Lower Liard - Mouth Catchment,10ED,Taiga Plains South Mackenzie Plain MB,1985,2,28,8,69,13.2,0.19
Fort Simpson,Dehcho,Lower Liard - Mouth Catchment,10ED,Taiga Plains South Mackenzie Plain MB,1985,2,28,9,53,9.4,0.18
Fort Simpson,Dehcho,Lower Liard - Mouth Catchment,10ED,Taiga Plains South Mackenzie Plain MB,1985,2,28,10,42,7.4,0.18
Fort Simpson,Dehcho,Lower Liard - Mouth Catchment,10ED,Taiga Plains South Mackenzie Plain MB,1985,1,31,1,42,7.4,0.18
Fort Simpson,Dehcho,Lower Liard - Mouth Catchment,10ED,Taiga Plains South Mackenzie Plain MB,1985,1,31,2,46,7.9,0.17
Fort Simpson,Dehcho,Lower Liard - Mouth Catchment,10ED,Taiga Plains South Mackenzie Plain MB,1985,1,31,3,44,6.1,0.14
Fort Simpson,Dehcho,Lower Liard - Mouth Catchment,10ED,Taiga Plains South Mackenzie Plain MB,1985,1,31,4,43,6.6,0.15
Fort Simpson,Dehcho,Lower Liard - Mouth Catchment,10ED,Taiga Plains South Mackenzie Plain MB,1985,1,31,5,43,8.4,0.19
Fort Simpson,Dehcho,Lower Liard - Mouth Catchment,10ED,Taiga Plains South Mackenzie Plain MB,1985,1,31,6,44,9.9,0.22
Fort Simpson,Dehcho,Lower Liard - Mouth Catchment,10ED,Taiga Plains South Mackenzie Plain MB,1985,1,31,7,33,4.3,0.13
Fort Simpson,Dehcho,Lower Liard - Mouth Catchment,10ED,Taiga Plains South Mackenzie Plain MB,1985,1,31,8,42,8.1,0.19
Fort Simpson,Dehcho,Lower Liard - Mouth Catchment,10ED,Taiga Plains South Mackenzie Plain MB,1985,1,31,9,37,6.1,0.17
Fort Simpson,Dehcho,Lower Liard - Mouth Catchment,10ED,Taiga Plains South Mackenzie Plain MB,1985,1,31,10,29,4.6,0.16
Fort Simpson,Dehcho,Lower Liard - Mouth Catchment,10ED,Taiga Plains South Mackenzie Plain MB,1984,12,27,1,34,5.1,0.15
Fort Simpson,Dehcho,Lower Liard - Mouth Catchment,10ED,Taiga Plains South Mackenzie Plain MB,1984,12,27,2,27,5.1,0.19
Fort Simpson,Dehcho,Lower Liard - Mouth Catchment,10ED,Taiga Plains South Mackenzie Plain MB,1984,12,27,3,34,5.6,0.16
Fort Simpson,Dehcho,Lower Liard - Mouth Catchment,10ED,Taiga Plains South Mackenzie Plain MB,1984,12,27,4,29,5.1,0.17
Fort Simpson,Dehcho,Lower Liard - Mouth Catchment,10ED,Taiga Plains South Mackenzie Plain MB,1984,12,27,5,42,6.6,0.16
Fort Simpson,Dehcho,Lower Liard - Mouth Catchment,10ED,Taiga Plains South Mackenzie Plain MB,1984,12,27,6,33,6.3,0.19
Fort Simpson,Dehcho,Lower Liard - Mouth Catchment,10ED,Taiga Plains South Mackenzie Plain MB,1984,12,27,7,25,3.6,0.14
Fort Simpson,Dehcho,Lower Liard - Mouth Catchment,10ED,Taiga Plains South Mackenzie Plain MB,1984,12,27,8,37,6.1,0.17
Fort Simpson,Dehcho,Lower Liard - Mouth Catchment,10ED,Taiga Plains South Mackenzie Plain MB,1984,12,27,9,27,4.1,0.15
Fort Simpson,Dehcho,Lower Liard - Mouth Catchment,10ED,Taiga Plains South Mackenzie Plain MB,1984,12,27,10,20,3.3,0.16
Fort Simpson,Dehcho,Lower Liard - Mouth Catchment,10ED,Taiga Plains South Mackenzie Plain MB,1984,11,29,1,22,3.8,0.18
Fort Simpson,Dehcho,Lower Liard - Mouth Catchment,10ED,Taiga Plains South Mackenzie Plain MB,1984,11,29,2,13,3.3,0.26
Fort Simpson,Dehcho,Lower Liard - Mouth Catchment,10ED,Taiga Plains South Mackenzie Plain MB,1984,11,29,3,17,3,0.18
Fort Simpson,Dehcho,Lower Liard - Mouth Catchment,10ED,Taiga Plains South Mackenzie Plain MB,1984,11,29,4,22,3.3,0.15
Fort Simpson,Dehcho,Lower Liard - Mouth Catchment,10ED,Taiga Plains South Mackenzie Plain MB,1984,11,29,5,20,3.6,0.18
Fort Simpson,Dehcho,Lower Liard - Mouth Catchment,10ED,Taiga Plains South Mackenzie Plain MB,1984,11,29,6,29,4.3,0.15
Fort Simpson,Dehcho,Lower Liard - Mouth Catchment,10ED,Taiga Plains South Mackenzie Plain MB,1984,11,29,7,14,2,0.15
Fort Simpson,Dehcho,Lower Liard - Mouth Catchment,10ED,Taiga Plains South Mackenzie Plain MB,1984,11,29,8,25,3.3,0.13
Fort Simpson,Dehcho,Lower Liard - Mouth Catchment,10ED,Taiga Plains South Mackenzie Plain MB,1984,11,29,9,19,3,0.16
Fort Simpson,Dehcho,Lower Liard - Mouth Catchment,10ED,Taiga Plains South Mackenzie Plain MB,1984,11,29,10,10,1.5,0.15
Fort Simpson,Dehcho,Lower Liard - Mouth Catchment,10ED,Taiga Plains South Mackenzie Plain MB,1984,11,5,1,9,1.8,0.2
Fort Simpson,Dehcho,Lower Liard - Mouth Catchment,10ED,Taiga Plains South Mackenzie Plain MB,1984,11,5,2,18,3.3,0.19
Fort Simpson,Dehcho,Lower Liard - Mouth Catchment,10ED,Taiga Plains South Mackenzie Plain MB,1984,11,5,3,11,1.8,0.16
Fort Simpson,Dehcho,Lower Liard - Mouth Catchment,10ED,Taiga Plains South Mackenzie Plain MB,1984,11,5,4,9,0.8,0.09
Fort Simpson,Dehcho,Lower Liard - Mouth Catchment,10ED,Taiga Plains South Mackenzie Plain MB,1984,11,5,5,14,2,0.15
Fort Simpson,Dehcho,Lower Liard - Mouth Catchment,10ED,Taiga Plains South Mackenzie Plain MB,1984,11,5,6,20,3,0.15
Fort Simpson,Dehcho,Lower Liard - Mouth Catchment,10ED,Taiga Plains South Mackenzie Plain MB,1984,11,5,7,10,2,0.2
Fort Simpson,Dehcho,Lower Liard - Mouth Catchment,10ED,Taiga Plains South Mackenzie Plain MB,1984,11,5,8,14,2.5,0.18
Fort Simpson,Dehcho,Lower Liard - Mouth Catchment,10ED,Taiga Plains South Mackenzie Plain MB,1984,11,5,9,10,1.5,0.15
Fort Simpson,Dehcho,Lower Liard - Mouth Catchment,10ED,Taiga Plains South Mackenzie Plain MB,1984,11,5,10,5,0.8,0.15
Fort Simpson,Dehcho,Lower Liard - Mouth Catchment,10ED,Taiga Plains South Mackenzie Plain MB,1984,4,30,1,,,
Fort Simpson,Dehcho,Lower Liard - Mouth Catchment,10ED,Taiga Plains South Mackenzie Plain MB,1984,4,30,2,,,
Fort Simpson,Dehcho,Lower Liard - Mouth Catchment,10ED,Taiga Plains South Mackenzie Plain MB,1984,4,30,3,,,
Fort Simpson,Dehcho,Lower Liard - Mouth Catchment,10ED,Taiga Plains South Mackenzie Plain MB,1984,4,30,4,,,
Fort Simpson,Dehcho,Lower Liard - Mouth Catchment,10ED,Taiga Plains South Mackenzie Plain MB,1984,4,30,5,,,
Fort Simpson,Dehcho,Lower Liard - Mouth Catchment,10ED,Taiga Plains South Mackenzie Plain MB,1984,4,30,6,,,
Fort Simpson,Dehcho,Lower Liard - Mouth Catchment,10ED,Taiga Plains South Mackenzie Plain MB,1984,4,30,7,,,
Fort Simpson,Dehcho,Lower Liard - Mouth Catchment,10ED,Taiga Plains South Mackenzie Plain MB,1984,4,30,8,9,2.5,0.29
Fort Simpson,Dehcho,Lower Liard - Mouth Catchment,10ED,Taiga Plains South Mackenzie Plain MB,1984,4,30,9,,,
Fort Simpson,Dehcho,Lower Liard - Mouth Catchment,10ED,Taiga Plains South Mackenzie Plain MB,1984,4,30,10,,,
Fort Simpson,Dehcho,Lower Liard - Mouth Catchment,10ED,Taiga Plains South Mackenzie Plain MB,1984,4,3,1,46,11.2,0.24
Fort Simpson,Dehcho,Lower Liard - Mouth Catchment,10ED,Taiga Plains South Mackenzie Plain MB,1984,4,3,2,42,10.7,0.25
Fort Simpson,Dehcho,Lower Liard - Mouth Catchment,10ED,Taiga Plains South Mackenzie Plain MB,1984,4,3,3,46,11.4,0.25
Fort Simpson,Dehcho,Lower Liard - Mouth Catchment,10ED,Taiga Plains South Mackenzie Plain MB,1984,4,3,4,42,11.4,0.27
Fort Simpson,Dehcho,Lower Liard - Mouth Catchment,10ED,Taiga Plains South Mackenzie Plain MB,1984,4,3,5,42,10.7,0.25
Fort Simpson,Dehcho,Lower Liard - Mouth Catchment,10ED,Taiga Plains South Mackenzie Plain MB,1984,4,3,6,33,8.9,0.27
Fort Simpson,Dehcho,Lower Liard - Mouth Catchment,10ED,Taiga Plains South Mackenzie Plain MB,1984,4,3,7,41,10.9,0.27
Fort Simpson,Dehcho,Lower Liard - Mouth Catchment,10ED,Taiga Plains South Mackenzie Plain MB,1984,4,3,8,33,9.1,0.28
Fort Simpson,Dehcho,Lower Liard - Mouth Catchment,10ED,Taiga Plains South Mackenzie Plain MB,1984,4,3,9,32,6.9,0.22
Fort Simpson,Dehcho,Lower Liard - Mouth Catchment,10ED,Taiga Plains South Mackenzie Plain MB,1984,4,3,10,27,6.9,0.26
Fort Simpson,Dehcho,Lower Liard - Mouth Catchment,10ED,Taiga Plains South Mackenzie Plain MB,1984,2,29,1,61,10.9,0.18
Fort Simpson,Dehcho,Lower Liard - Mouth Catchment,10ED,Taiga Plains South Mackenzie Plain MB,1984,2,29,2,62,10.9,0.18
Fort Simpson,Dehcho,Lower Liard - Mouth Catchment,10ED,Taiga Plains South Mackenzie Plain MB,1984,2,29,3,58,10.7,0.18
Fort Simpson,Dehcho,Lower Liard - Mouth Catchment,10ED,Taiga Plains South Mackenzie Plain MB,1984,2,29,4,47,7.6,0.16
Fort Simpson,Dehcho,Lower Liard - Mouth Catchment,10ED,Taiga Plains South Mackenzie Plain MB,1984,2,29,5,56,9.7,0.17
Fort Simpson,Dehcho,Lower Liard - Mouth Catchment,10ED,Taiga Plains South Mackenzie Plain MB,1984,2,29,6,50,8.9,0.18
Fort Simpson,Dehcho,Lower Liard - Mouth Catchment,10ED,Taiga Plains South Mackenzie Plain MB,1984,2,29,7,50,9.9,0.2
Fort Simpson,Dehcho,Lower Liard - Mouth Catchment,10ED,Taiga Plains South Mackenzie Plain MB,1984,2,29,8,56,8.6,0.15
Fort Simpson,Dehcho,Lower Liard - Mouth Catchment,10ED,Taiga Plains South Mackenzie Plain MB,1984,2,29,9,50,8.1,0.16
Fort Simpson,Dehcho,Lower Liard - Mouth Catchment,10ED,Taiga Plains South Mackenzie Plain MB,1984,2,29,10,41,7.1,0.18
Fort Simpson,Dehcho,Lower Liard - Mouth Catchment,10ED,Taiga Plains South Mackenzie Plain MB,1984,2,6,1,50,8.4,0.17
Fort Simpson,Dehcho,Lower Liard - Mouth Catchment,10ED,Taiga Plains South Mackenzie Plain MB,1984,2,6,2,48,6.9,0.14
Fort Simpson,Dehcho,Lower Liard - Mouth Catchment,10ED,Taiga Plains South Mackenzie Plain MB,1984,2,6,3,51,7.1,0.14
Fort Simpson,Dehcho,Lower Liard - Mouth Catchment,10ED,Taiga Plains South Mackenzie Plain MB,1984,2,6,4,41,5.8,0.14
Fort Simpson,Dehcho,Lower Liard - Mouth Catchment,10ED,Taiga Plains South Mackenzie Plain MB,1984,2,6,5,41,8.1,0.2
Fort Simpson,Dehcho,Lower Liard - Mouth Catchment,10ED,Taiga Plains South Mackenzie Plain MB,1984,2,6,6,39,6.1,0.15
Fort Simpson,Dehcho,Lower Liard - Mouth Catchment,10ED,Taiga Plains South Mackenzie Plain MB,1984,2,6,7,41,6.1,0.15
Fort Simpson,Dehcho,Lower Liard - Mouth Catchment,10ED,Taiga Plains South Mackenzie Plain MB,1984,2,6,8,46,6.9,0.15
Fort Simpson,Dehcho,Lower Liard - Mouth Catchment,10ED,Taiga Plains South Mackenzie Plain MB,1984,2,6,9,37,6.3,0.17
Fort Simpson,Dehcho,Lower Liard - Mouth Catchment,10ED,Taiga Plains South Mackenzie Plain MB,1984,2,6,10,33,4.1,0.12
Fort Simpson,Dehcho,Lower Liard - Mouth Catchment,10ED,Taiga Plains South Mackenzie Plain MB,1983,12,30,1,28,4.6,0.16
Fort Simpson,Dehcho,Lower Liard - Mouth Catchment,10ED,Taiga Plains South Mackenzie Plain MB,1983,12,30,2,27,4.3,0.16
Fort Simpson,Dehcho,Lower Liard - Mouth Catchment,10ED,Taiga Plains South Mackenzie Plain MB,1983,12,30,3,28,4.3,0.15
Fort Simpson,Dehcho,Lower Liard - Mouth Catchment,10ED,Taiga Plains South Mackenzie Plain MB,1983,12,30,4,23,3.3,0.14
Fort Simpson,Dehcho,Lower Liard - Mouth Catchment,10ED,Taiga Plains South Mackenzie Plain MB,1983,12,30,5,18,3,0.17
Fort Simpson,Dehcho,Lower Liard - Mouth Catchment,10ED,Taiga Plains South Mackenzie Plain MB,1983,12,30,6,19,3,0.16
Fort Simpson,Dehcho,Lower Liard - Mouth Catchment,10ED,Taiga Plains South Mackenzie Plain MB,1983,12,30,7,22,3.6,0.16
Fort Simpson,Dehcho,Lower Liard - Mouth Catchment,10ED,Taiga Plains South Mackenzie Plain MB,1983,12,30,8,25,3.6,0.14
Fort Simpson,Dehcho,Lower Liard - Mouth Catchment,10ED,Taiga Plains South Mackenzie Plain MB,1983,12,30,9,22,3.6,0.16
Fort Simpson,Dehcho,Lower Liard - Mouth Catchment,10ED,Taiga Plains South Mackenzie Plain MB,1983,12,30,10,13,2,0.16
Fort Simpson,Dehcho,Lower Liard - Mouth Catchment,10ED,Taiga Plains South Mackenzie Plain MB,1983,12,2,1,25,4.1,0.16
Fort Simpson,Dehcho,Lower Liard - Mouth Catchment,10ED,Taiga Plains South Mackenzie Plain MB,1983,12,2,2,25,3.8,0.15
Fort Simpson,Dehcho,Lower Liard - Mouth Catchment,10ED,Taiga Plains South Mackenzie Plain MB,1983,12,2,3,24,3.3,0.14
Fort Simpson,Dehcho,Lower Liard - Mouth Catchment,10ED,Taiga Plains South Mackenzie Plain MB,1983,12,2,4,22,2.8,0.13
Fort Simpson,Dehcho,Lower Liard - Mouth Catchment,10ED,Taiga Plains South Mackenzie Plain MB,1983,12,2,5,19,3,0.16
Fort Simpson,Dehcho,Lower Liard - Mouth Catchment,10ED,Taiga Plains South Mackenzie Plain MB,1983,12,2,6,17,2.3,0.14
Fort Simpson,Dehcho,Lower Liard - Mouth Catchment,10ED,Taiga Plains South Mackenzie Plain MB,1983,12,2,7,20,2.5,0.13
Fort Simpson,Dehcho,Lower Liard - Mouth Catchment,10ED,Taiga Plains South Mackenzie Plain MB,1983,12,2,8,25,3.3,0.13
Fort Simpson,Dehcho,Lower Liard - Mouth Catchment,10ED,Taiga Plains South Mackenzie Plain MB,1983,12,2,9,20,2.5,0.13
Fort Simpson,Dehcho,Lower Liard - Mouth Catchment,10ED,Taiga Plains South Mackenzie Plain MB,1983,12,2,10,13,1.8,0.14
Fort Simpson,Dehcho,Lower Liard - Mouth Catchment,10ED,Taiga Plains South Mackenzie Plain MB,1983,11,1,1,18,2.3,0.13
Fort Simpson,Dehcho,Lower Liard - Mouth Catchment,10ED,Taiga Plains South Mackenzie Plain MB,1983,11,1,2,10,1.5,0.15
Fort Simpson,Dehcho,Lower Liard - Mouth Catchment,10ED,Taiga Plains South Mackenzie Plain MB,1983,11,1,3,15,2,0.13
Fort Simpson,Dehcho,Lower Liard - Mouth Catchment,10ED,Taiga Plains South Mackenzie Plain MB,1983,11,1,4,14,1.3,0.09
Fort Simpson,Dehcho,Lower Liard - Mouth Catchment,10ED,Taiga Plains South Mackenzie Plain MB,1983,11,1,5,13,1.8,0.14
Fort Simpson,Dehcho,Lower Liard - Mouth Catchment,10ED,Taiga Plains South Mackenzie Plain MB,1983,11,1,6,9,0.8,0.09
Fort Simpson,Dehcho,Lower Liard - Mouth Catchment,10ED,Taiga Plains South Mackenzie Plain MB,1983,11,1,7,15,2,0.13
Fort Simpson,Dehcho,Lower Liard - Mouth Catchment,10ED,Taiga Plains South Mackenzie Plain MB,1983,11,1,8,14,2,0.15
Fort Simpson,Dehcho,Lower Liard - Mouth Catchment,10ED,Taiga Plains South Mackenzie Plain MB,1983,11,1,9,10,1,0.1
Fort Simpson,Dehcho,Lower Liard - Mouth Catchment,10ED,Taiga Plains South Mackenzie Plain MB,1983,11,1,10,6,0.8,0.12
Fort Simpson,Dehcho,Lower Liard - Mouth Catchment,10ED,Taiga Plains South Mackenzie Plain MB,1983,4,29,1,32,12.2,0.38
Fort Simpson,Dehcho,Lower Liard - Mouth Catchment,10ED,Taiga Plains South Mackenzie Plain MB,1983,4,29,2,43,12.4,0.29
Fort Simpson,Dehcho,Lower Liard - Mouth Catchment,10ED,Taiga Plains South Mackenzie Plain MB,1983,4,29,3,33,8.6,0.26
Fort Simpson,Dehcho,Lower Liard - Mouth Catchment,10ED,Taiga Plains South Mackenzie Plain MB,1983,4,29,4,20,4.8,0.24
Fort Simpson,Dehcho,Lower Liard - Mouth Catchment,10ED,Taiga Plains South Mackenzie Plain MB,1983,4,29,5,25,6.9,0.27
Fort Simpson,Dehcho,Lower Liard - Mouth Catchment,10ED,Taiga Plains South Mackenzie Plain MB,1983,4,29,6,19,6.1,0.32
Fort Simpson,Dehcho,Lower Liard - Mouth Catchment,10ED,Taiga Plains South Mackenzie Plain MB,1983,4,29,7,32,8.4,0.26
Fort Simpson,Dehcho,Lower Liard - Mouth Catchment,10ED,Taiga Plains South Mackenzie Plain MB,1983,4,29,8,32,11.2,0.35
Fort Simpson,Dehcho,Lower Liard - Mouth Catchment,10ED,Taiga Plains South Mackenzie Plain MB,1983,4,29,9,20,5.6,0.28
Fort Simpson,Dehcho,Lower Liard - Mouth Catchment,10ED,Taiga Plains South Mackenzie Plain MB,1983,4,29,10,27,8.6,0.32
Fort Simpson,Dehcho,Lower Liard - Mouth Catchment,10ED,Taiga Plains South Mackenzie Plain MB,1983,3,30,1,77,15.2,0.2
Fort Simpson,Dehcho,Lower Liard - Mouth Catchment,10ED,Taiga Plains South Mackenzie Plain MB,1983,3,30,2,85,17.3,0.2
Fort Simpson,Dehcho,Lower Liard - Mouth Catchment,10ED,Taiga Plains South Mackenzie Plain MB,1983,3,30,3,84,14.7,0.18
Fort Simpson,Dehcho,Lower Liard - Mouth Catchment,10ED,Taiga Plains South Mackenzie Plain MB,1983,3,30,4,65,11.4,0.18
Fort Simpson,Dehcho,Lower Liard - Mouth Catchment,10ED,Taiga Plains South Mackenzie Plain MB,1983,3,30,5,62,11.4,0.18
Fort Simpson,Dehcho,Lower Liard - Mouth Catchment,10ED,Taiga Plains South Mackenzie Plain MB,1983,3,30,6,71,16.8,0.24
Fort Simpson,Dehcho,Lower Liard - Mouth Catchment,10ED,Taiga Plains South Mackenzie Plain MB,1983,3,30,7,72,14.5,0.2
Fort Simpson,Dehcho,Lower Liard - Mouth Catchment,10ED,Taiga Plains South Mackenzie Plain MB,1983,3,30,8,83,15.7,0.19
Fort Simpson,Dehcho,Lower Liard - Mouth Catchment,10ED,Taiga Plains South Mackenzie Plain MB,1983,3,30,9,58,12.2,0.21
Fort Simpson,Dehcho,Lower Liard - Mouth Catchment,10ED,Taiga Plains South Mackenzie Plain MB,1983,3,30,10,66,12.4,0.19
Fort Simpson,Dehcho,Lower Liard - Mouth Catchment,10ED,Taiga Plains South Mackenzie Plain MB,1983,3,1,1,70,13.7,0.2
Fort Simpson,Dehcho,Lower Liard - Mouth Catchment,10ED,Taiga Plains South Mackenzie Plain MB,1983,3,1,2,79,16.8,0.21
Fort Simpson,Dehcho,Lower Liard - Mouth Catchment,10ED,Taiga Plains South Mackenzie Plain MB,1983,3,1,3,63,11.7,0.18
Fort Simpson,Dehcho,Lower Liard - Mouth Catchment,10ED,Taiga Plains South Mackenzie Plain MB,1983,3,1,4,63,12.4,0.2
Fort Simpson,Dehcho,Lower Liard - Mouth Catchment,10ED,Taiga Plains South Mackenzie Plain MB,1983,3,1,5,57,9.9,0.17
Fort Simpson,Dehcho,Lower Liard - Mouth Catchment,10ED,Taiga Plains South Mackenzie Plain MB,1983,3,1,6,60,13.2,0.22
Fort Simpson,Dehcho,Lower Liard - Mouth Catchment,10ED,Taiga Plains South Mackenzie Plain MB,1983,3,1,7,62,11.9,0.19
Fort Simpson,Dehcho,Lower Liard - Mouth Catchment,10ED,Taiga Plains South Mackenzie Plain MB,1983,3,1,8,65,13.2,0.2
Fort Simpson,Dehcho,Lower Liard - Mouth Catchment,10ED,Taiga Plains South Mackenzie Plain MB,1983,3,1,9,55,10.4,0.19
Fort Simpson,Dehcho,Lower Liard - Mouth Catchment,10ED,Taiga Plains South Mackenzie Plain MB,1983,3,1,10,53,9.1,0.17
Fort Simpson,Dehcho,Lower Liard - Mouth Catchment,10ED,Taiga Plains South Mackenzie Plain MB,1983,1,24,1,61,10.7,0.18
Fort Simpson,Dehcho,Lower Liard - Mouth Catchment,10ED,Taiga Plains South Mackenzie Plain MB,1983,1,24,2,66,10.4,0.16
Fort Simpson,Dehcho,Lower Liard - Mouth Catchment,10ED,Taiga Plains South Mackenzie Plain MB,1983,1,24,3,63,8.9,0.14
Fort Simpson,Dehcho,Lower Liard - Mouth Catchment,10ED,Taiga Plains South Mackenzie Plain MB,1983,1,24,4,60,10.9,0.18
Fort Simpson,Dehcho,Lower Liard - Mouth Catchment,10ED,Taiga Plains South Mackenzie Plain MB,1983,1,24,5,50,7.4,0.15
Fort Simpson,Dehcho,Lower Liard - Mouth Catchment,10ED,Taiga Plains South Mackenzie Plain MB,1983,1,24,6,69,13.2,0.19
Fort Simpson,Dehcho,Lower Liard - Mouth Catchment,10ED,Taiga Plains South Mackenzie Plain MB,1983,1,24,7,52,9.4,0.18
Fort Simpson,Dehcho,Lower Liard - Mouth Catchment,10ED,Taiga Plains South Mackenzie Plain MB,1983,1,24,8,52,11.9,0.23
Fort Simpson,Dehcho,Lower Liard - Mouth Catchment,10ED,Taiga Plains South Mackenzie Plain MB,1983,1,24,9,52,8.9,0.17
Fort Simpson,Dehcho,Lower Liard - Mouth Catchment,10ED,Taiga Plains South Mackenzie Plain MB,1983,1,24,10,37,7.6,0.21
Fort Simpson,Dehcho,Lower Liard - Mouth Catchment,10ED,Taiga Plains South Mackenzie Plain MB,1982,12,30,1,51,9.1,0.18
Fort Simpson,Dehcho,Lower Liard - Mouth Catchment,10ED,Taiga Plains South Mackenzie Plain MB,1982,12,30,2,48,9.9,0.21
Fort Simpson,Dehcho,Lower Liard - Mouth Catchment,10ED,Taiga Plains South Mackenzie Plain MB,1982,12,30,3,50,8.9,0.18
Fort Simpson,Dehcho,Lower Liard - Mouth Catchment,10ED,Taiga Plains South Mackenzie Plain MB,1982,12,30,4,44,7.1,0.16
Fort Simpson,Dehcho,Lower Liard - Mouth Catchment,10ED,Taiga Plains South Mackenzie Plain MB,1982,12,30,5,50,8.6,0.17
Fort Simpson,Dehcho,Lower Liard - Mouth Catchment,10ED,Taiga Plains South Mackenzie Plain MB,1982,12,30,6,44,9.4,0.21
Fort Simpson,Dehcho,Lower Liard - Mouth Catchment,10ED,Taiga Plains South Mackenzie Plain MB,1982,12,30,7,41,7.6,0.19
Fort Simpson,Dehcho,Lower Liard - Mouth Catchment,10ED,Taiga Plains South Mackenzie Plain MB,1982,12,30,8,46,8.1,0.18
Fort Simpson,Dehcho,Lower Liard - Mouth Catchment,10ED,Taiga Plains South Mackenzie Plain MB,1982,12,30,9,39,7.6,0.19
Fort Simpson,Dehcho,Lower Liard - Mouth Catchment,10ED,Taiga Plains South Mackenzie Plain MB,1982,12,30,10,34,4.8,0.14
Fort Simpson,Dehcho,Lower Liard - Mouth Catchment,10ED,Taiga Plains South Mackenzie Plain MB,1982,12,2,1,42,6.6,0.16
Fort Simpson,Dehcho,Lower Liard - Mouth Catchment,10ED,Taiga Plains South Mackenzie Plain MB,1982,12,2,2,42,6.1,0.15
Fort Simpson,Dehcho,Lower Liard - Mouth Catchment,10ED,Taiga Plains South Mackenzie Plain MB,1982,12,2,3,46,7.4,0.16
Fort Simpson,Dehcho,Lower Liard - Mouth Catchment,10ED,Taiga Plains South Mackenzie Plain MB,1982,12,2,4,37,6.3,0.17
Fort Simpson,Dehcho,Lower Liard - Mouth Catchment,10ED,Taiga Plains South Mackenzie Plain MB,1982,12,2,5,42,6.9,0.16
Fort Simpson,Dehcho,Lower Liard - Mouth Catchment,10ED,Taiga Plains South Mackenzie Plain MB,1982,12,2,6,36,6.3,0.18
Fort Simpson,Dehcho,Lower Liard - Mouth Catchment,10ED,Taiga Plains South Mackenzie Plain MB,1982,12,2,7,41,6.6,0.16
Fort Simpson,Dehcho,Lower Liard - Mouth Catchment,10ED,Taiga Plains South Mackenzie Plain MB,1982,12,2,8,46,6.9,0.15
Fort Simpson,Dehcho,Lower Liard - Mouth Catchment,10ED,Taiga Plains South Mackenzie Plain MB,1982,12,2,9,37,7.1,0.19
Fort Simpson,Dehcho,Lower Liard - Mouth Catchment,10ED,Taiga Plains South Mackenzie Plain MB,1982,12,2,10,30,5.1,0.17
Fort Simpson,Dehcho,Lower Liard - Mouth Catchment,10ED,Taiga Plains South Mackenzie Plain MB,1982,10,29,1,34,5.1,0.15
Fort Simpson,Dehcho,Lower Liard - Mouth Catchment,10ED,Taiga Plains South Mackenzie Plain MB,1982,10,29,2,33,3.8,0.12
Fort Simpson,Dehcho,Lower Liard - Mouth Catchment,10ED,Taiga Plains South Mackenzie Plain MB,1982,10,29,3,36,4.3,0.12
Fort Simpson,Dehcho,Lower Liard - Mouth Catchment,10ED,Taiga Plains South Mackenzie Plain MB,1982,10,29,4,30,4.1,0.13
Fort Simpson,Dehcho,Lower Liard - Mouth Catchment,10ED,Taiga Plains South Mackenzie Plain MB,1982,10,29,5,30,3.6,0.12
Fort Simpson,Dehcho,Lower Liard - Mouth Catchment,10ED,Taiga Plains South Mackenzie Plain MB,1982,10,29,6,33,5.1,0.15
Fort Simpson,Dehcho,Lower Liard - Mouth Catchment,10ED,Taiga Plains South Mackenzie Plain MB,1982,10,29,7,32,4.3,0.14
Fort Simpson,Dehcho,Lower Liard - Mouth Catchment,10ED,Taiga Plains South Mackenzie Plain MB,1982,10,29,8,37,4.6,0.12
Fort Simpson,Dehcho,Lower Liard - Mouth Catchment,10ED,Taiga Plains South Mackenzie Plain MB,1982,10,29,9,24,4.1,0.17
Fort Simpson,Dehcho,Lower Liard - Mouth Catchment,10ED,Taiga Plains South Mackenzie Plain MB,1982,10,29,10,24,3,0.13
