SNOW_COURSE,Date,Depth,SWE,Code ,Density
Frances River,2/1/1977,65,134,,0.21
Frances River,2/1/1978,39,67,E,0.17
Frances River,2/1/1979,65,106,,0.16
Frances River,1/31/1980,51,96,,0.19
Frances River,2/1/1981,54,91,,0.17
Frances River,2/2/1982,42,55,,0.13
Frances River,2/2/1983,52,51,,0.1
Frances River,2/3/1984,49,50,,0.1
Frances River,1/29/1985,68,110,,0.16
Frances River,3/2/1976,94,221,,0.24
Frances River,3/2/1977,67,160,,0.24
Frances River,3/1/1978,42,70,,0.17
Frances River,2/28/1979,78,124,,0.16
Frances River,2/28/1980,52,110,,0.21
Frances River,3/4/1981,70,128,,0.18
Frances River,3/2/1982,47,74,,0.16
Frances River,3/1/1983,58,71,,0.12
Frances River,2/28/1984,54,65,,0.12
Frances River,2/28/1985,101,167,,0.17
Frances River,2/28/1986,53,93,,0.18
Frances River,3/3/1987,63,116,,0.18
Frances River,3/1/1988,67,135,,0.2
Frances River,2/28/1989,64,124,,0.19
Frances River,2/28/1990,85,147,,0.17
Frances River,2/28/1991,77,147,,0.19
Frances River,3/2/1992,119,312,,0.26
Frances River,2/25/1993,61,125,,0.2
Frances River,3/1/1994,88,182,,0.21
Frances River,2/24/1995,67,112,,0.17
Frances River,2/27/1996,76,158,,0.21
Frances River,2/25/1997,55,120,,0.22
Frances River,2/28/1998,70,149,,0.21
Frances River,2/26/1999,72,142,,0.2
Frances River,2/28/2000,50,83,,0.17
Frances River,2/27/2001,70,143,,0.2
Frances River,2/27/2002,80,154,,0.19
Frances River,2/26/2003,63,134,,0.21
Frances River,3/2/2004,69,156,,0.23
Frances River,2/23/2005,93,226,,0.24
Frances River,2/23/2006,62,130,,0.21
Frances River,2/27/2007,83,165,,0.2
Frances River,2/25/2008,80,164,,0.2
Frances River,2/24/2009,105,251,,0.24
Frances River,2/23/2010,60,120,,0.2
Frances River,2/23/2011,62,148,,0.24
Frances River,2/27/2012,72,172,,0.24
Frances River,2/26/2013,79,176,,0.22
Frances River,2/27/2014,86,215,,0.25
Frances River,2/25/2015,59,97,,0.16
Frances River,2/24/2016,64,105,,0.16
Frances River,2/23/2017,44,72,,0.16
Frances River,2/28/2018,69,104,,0.15
Frances River,3/31/1975,71,163,,0.23
Frances River,4/5/1976,89,231,,0.26
Frances River,4/1/1977,70,188,,0.27
Frances River,3/31/1978,46,76,,0.17
Frances River,3/30/1979,83,183,,0.22
Frances River,4/3/1980,57,120,,0.21
Frances River,4/2/1981,61,115,,0.19
Frances River,4/2/1982,53,97,,0.18
Frances River,3/30/1983,60,111,,0.18
Frances River,3/30/1984,49,89,,0.18
Frances River,4/1/1985,83,198,,0.24
Frances River,4/1/1986,73,131,,0.18
Frances River,4/1/1987,62,121,,0.2
Frances River,3/30/1988,78,172,,0.22
Frances River,3/31/1989,71,142,E,0.2
Frances River,3/29/1990,72,140,,0.19
Frances River,3/29/1991,75,133,,0.18
Frances River,3/30/1992,109,302,,0.28
Frances River,4/3/1993,61,137,,0.22
Frances River,4/3/1994,61,178,,0.29
Frances River,3/27/1995,73,138,,0.19
Frances River,3/27/1996,76,174,,0.23
Frances River,3/26/1997,76,131,,0.17
Frances River,3/30/1998,70,157,,0.22
Frances River,3/30/1999,67,161,,0.24
Frances River,3/30/2000,47,101,,0.21
Frances River,3/28/2001,77,151,,0.2
Frances River,3/28/2002,81,176,,0.22
Frances River,3/27/2003,71,151,,0.21
Frances River,3/31/2004,76,174,,0.23
Frances River,3/30/2005,81,240,,0.3
Frances River,3/28/2006,68,150,,0.22
Frances River,3/26/2007,89,213,,0.24
Frances River,3/27/2008,83,200,,0.24
Frances River,3/27/2009,113,292,,0.26
Frances River,3/29/2010,57,143,,0.25
Frances River,3/28/2011,64,176,,0.28
Frances River,3/28/2012,78,218,,0.28
Frances River,3/26/2013,78,178,,0.23
Frances River,3/26/2014,83,213,,0.26
Frances River,3/26/2015,57,113,,0.2
Frances River,3/30/2016,51,116,,0.23
Frances River,3/28/2017,59,107,,0.18
Frances River,3/29/2018,63,88,,0.14
Frances River,4/21/1975,38,119,B,0.31
Frances River,5/3/1976,38,147,,0.39
Frances River,5/2/1977,16,48,,0.3
Frances River,4/28/1978,11,38,,0.35
Frances River,5/2/1979,30,172,,0.57
Frances River,5/1/1980,19,39,,0.21
Frances River,5/5/1981,25,47,,0.19
Frances River,5/3/1982,19,46,,0.24
Frances River,5/2/1983,0,0,,0
Frances River,4/27/1984,12,26,,0.22
Frances River,4/30/1985,64,183,,0.29
Frances River,5/1/1986,45,94,,0.21
Frances River,4/30/1987,29,67,E,0.23
Frances River,4/29/1988,30,93,,0.31
Frances River,4/28/1989,0,0,,0
Frances River,4/30/1990,29,87,E,0.3
Frances River,5/1/1991,0,0,,0
Frances River,5/1/1992,68,237,,0.35
Frances River,4/28/1993,7,12,,0.17
Frances River,4/28/1994,26,85,,0.33
Frances River,4/29/1995,6,12,,0.2
Frances River,4/26/1996,37,85,,0.23
Frances River,4/30/1997,19,44,,0.23
Frances River,4/28/1998,0,0,,0
Frances River,4/29/1999,34,73,,0.21
Frances River,4/27/2000,37,93,,0.25
Frances River,4/26/2001,42,111,,0.26
Frances River,4/29/2002,54,147,,0.27
Frances River,4/29/2003,31,91,,0.29
Frances River,4/26/2004,43,125,,0.29
Frances River,4/26/2005,43.2,128,,0.3
Frances River,4/27/2006,34,108,,0.32
Frances River,4/25/2007,48,162,,0.34
Frances River,4/28/2008,57,170,,0.3
Frances River,4/28/2009,82,261,,0.32
Frances River,4/27/2010,7,16,,0.23
Frances River,4/26/2011,37,64,,0.17
Frances River,4/27/2012,32,72,,0.22
Frances River,4/26/2013,84,203,,0.24
Frances River,4/28/2014,48,175,,0.36
Frances River,4/27/2015,0,0,,0
Frances River,4/27/2016,6,8,,0.13
Frances River,4/26/2017,18,44,,0.24
Frances River,4/25/2018,40,78,,0.2
Frances River,5/14/1976,8,30,,0.38
Frances River,5/13/1977,0,0,,0
Frances River,5/15/1978,0,0,,0
Frances River,5/14/1979,7,20,,0.29
Frances River,5/15/1980,0,0,,0
Frances River,5/15/1981,0,0,,0
Frances River,5/14/1982,0,0,,0
Frances River,5/15/1983,0,0,,0
Frances River,5/15/1984,0,0,,0
Frances River,5/15/1985,32,80,E,0.25
Frances River,5/16/1986,0,0,,0
Frances River,5/15/1987,0,0,,0
Frances River,5/13/1988,0,0,,0
Frances River,5/15/1989,0,0,,0
Frances River,5/11/1990,0,0,,0
Frances River,5/15/1991,0,0,,0
Frances River,5/15/1992,31,120,,0.39
Frances River,5/15/1993,0,0,,0
Frances River,5/12/1994,0,0,,0
Frances River,5/14/1999,0,0,,0
