SNOW_COURSE,Date,Depth,SWE,Code ,Density
Pine Lake Airstrip,2/1/1977,81,136,,0.17
Pine Lake Airstrip,2/1/1978,53,84,,0.16
Pine Lake Airstrip,2/1/1980,83,169,,0.2
Pine Lake Airstrip,2/5/1981,68,162,,0.24
Pine Lake Airstrip,2/2/1982,66,106,,0.16
Pine Lake Airstrip,2/1/1983,60,116,,0.19
Pine Lake Airstrip,2/1/1984,78,147,,0.19
Pine Lake Airstrip,1/31/1985,82,182,,0.22
Pine Lake Airstrip,3/1/1976,104,254,,0.24
Pine Lake Airstrip,3/1/1977,82,190,,0.23
Pine Lake Airstrip,3/1/1978,55,104,,0.19
Pine Lake Airstrip,3/1/1979,97,226,,0.23
Pine Lake Airstrip,2/29/1980,81,172,,0.21
Pine Lake Airstrip,2/27/1981,86,185,,0.22
Pine Lake Airstrip,3/2/1982,67,122,,0.18
Pine Lake Airstrip,3/1/1983,68,151,,0.22
Pine Lake Airstrip,2/29/1984,80,187,,0.23
Pine Lake Airstrip,2/28/1985,110,262,,0.24
Pine Lake Airstrip,2/28/1986,71,163,,0.23
Pine Lake Airstrip,2/26/1987,90,168,,0.19
Pine Lake Airstrip,3/1/1988,77,175,,0.23
Pine Lake Airstrip,3/1/1989,86,202,,0.23
Pine Lake Airstrip,2/26/1990,118,276,,0.23
Pine Lake Airstrip,2/28/1991,99,247,,0.25
Pine Lake Airstrip,3/2/1992,112,330,,0.29
Pine Lake Airstrip,2/25/1993,80,171,,0.21
Pine Lake Airstrip,2/23/1994,98,258,,0.26
Pine Lake Airstrip,3/1/1995,67,127,,0.19
Pine Lake Airstrip,2/28/1996,81,162,,0.2
Pine Lake Airstrip,3/4/1997,75,151,,0.2
Pine Lake Airstrip,2/25/1998,87,219,,0.25
Pine Lake Airstrip,2/25/1999,91,207,,0.23
Pine Lake Airstrip,2/25/2000,80,186,,0.23
Pine Lake Airstrip,2/28/2001,74,177,,0.24
Pine Lake Airstrip,3/1/2002,87,192,,0.22
Pine Lake Airstrip,2/27/2003,74,150,E,0.2
Pine Lake Airstrip,3/2/2004,87,201,,0.23
Pine Lake Airstrip,3/1/2005,116,314,,0.27
Pine Lake Airstrip,3/1/2006,76,175,,0.23
Pine Lake Airstrip,2/23/2007,94,187,,0.2
Pine Lake Airstrip,2/27/2008,102,238,,0.23
Pine Lake Airstrip,2/26/2009,119,298,,0.25
Pine Lake Airstrip,2/23/2010,73,175,,0.24
Pine Lake Airstrip,2/23/2011,81,174,,0.21
Pine Lake Airstrip,2/28/2012,86,207,,0.24
Pine Lake Airstrip,2/27/2013,95,240,,0.25
Pine Lake Airstrip,2/26/2014,104,292,,0.28
Pine Lake Airstrip,2/24/2015,73,184,,0.25
Pine Lake Airstrip,2/25/2016,74,190,,0.26
Pine Lake Airstrip,2/28/2017,44,79,,0.18
Pine Lake Airstrip,2/28/2018,84,158,,0.19
Pine Lake Airstrip,4/5/1976,107,287,,0.27
Pine Lake Airstrip,4/1/1977,102,235,E,0.23
Pine Lake Airstrip,4/4/1978,64,123,,0.19
Pine Lake Airstrip,4/2/1979,110,264,,0.24
Pine Lake Airstrip,4/1/1980,93,229,,0.25
Pine Lake Airstrip,4/1/1981,79,185,,0.23
Pine Lake Airstrip,4/2/1982,71,138,,0.19
Pine Lake Airstrip,3/31/1983,71,146,,0.21
Pine Lake Airstrip,4/2/1984,75,210,,0.28
Pine Lake Airstrip,4/1/1985,98,270,,0.28
Pine Lake Airstrip,3/25/1986,99,259,B,0.26
Pine Lake Airstrip,4/2/1987,79,199,,0.25
Pine Lake Airstrip,4/3/1988,93,205,,0.22
Pine Lake Airstrip,3/30/1989,99,226,,0.23
Pine Lake Airstrip,3/30/1990,101,274,,0.27
Pine Lake Airstrip,3/30/1991,99,268,,0.27
Pine Lake Airstrip,3/31/1992,112,351,,0.31
Pine Lake Airstrip,4/1/1993,85,215,,0.25
Pine Lake Airstrip,3/28/1994,103,287,,0.28
Pine Lake Airstrip,3/27/1995,90,169,,0.19
Pine Lake Airstrip,3/28/1996,83,184,,0.22
Pine Lake Airstrip,3/28/1997,89,191,,0.21
Pine Lake Airstrip,3/31/1998,98,256,,0.26
Pine Lake Airstrip,3/29/1999,80,250,,0.31
Pine Lake Airstrip,3/28/2000,84,196,,0.23
Pine Lake Airstrip,3/26/2001,84,199,,0.24
Pine Lake Airstrip,3/25/2002,86,194,B,0.23
Pine Lake Airstrip,3/28/2003,78,156,,0.2
Pine Lake Airstrip,3/31/2004,94,239,,0.25
Pine Lake Airstrip,3/29/2005,108,324,,0.3
Pine Lake Airstrip,3/30/2006,82,205,,0.25
Pine Lake Airstrip,3/27/2007,94,240,,0.26
Pine Lake Airstrip,3/26/2008,109,286,,0.26
Pine Lake Airstrip,3/30/2009,126,308,,0.24
Pine Lake Airstrip,3/30/2010,84,210,E,0.25
Pine Lake Airstrip,3/29/2011,77,181,,0.24
Pine Lake Airstrip,3/30/2012,99,219,,0.22
Pine Lake Airstrip,3/27/2013,96,234,,0.24
Pine Lake Airstrip,3/26/2014,115,318,,0.28
Pine Lake Airstrip,3/30/2015,82,226,,0.28
Pine Lake Airstrip,3/31/2016,64,196,,0.31
Pine Lake Airstrip,3/29/2017,57,82,,0.14
Pine Lake Airstrip,3/28/2018,81,172,,0.21
Pine Lake Airstrip,4/30/1976,89,267,,0.3
Pine Lake Airstrip,4/28/1977,53,125,,0.24
Pine Lake Airstrip,5/1/1978,30,90,,0.3
Pine Lake Airstrip,5/1/1979,63,203,,0.32
Pine Lake Airstrip,5/1/1980,67,173,,0.26
Pine Lake Airstrip,5/1/1981,71,154,,0.22
Pine Lake Airstrip,5/4/1982,63,131,,0.21
Pine Lake Airstrip,5/2/1983,34,98,,0.29
Pine Lake Airstrip,4/30/1984,65,212,,0.33
Pine Lake Airstrip,4/29/1985,90,283,,0.31
Pine Lake Airstrip,4/29/1986,89,250,,0.28
Pine Lake Airstrip,5/2/1987,49,153,,0.31
Pine Lake Airstrip,5/3/1988,44,125,,0.28
Pine Lake Airstrip,5/1/1989,41,142,,0.35
Pine Lake Airstrip,4/30/1990,68,248,,0.36
Pine Lake Airstrip,4/29/1991,63,234,,0.37
Pine Lake Airstrip,4/30/1992,92,327,,0.36
Pine Lake Airstrip,4/27/1993,36,118,,0.33
Pine Lake Airstrip,4/29/1994,66,232,,0.35
Pine Lake Airstrip,4/27/1995,50,142,,0.28
Pine Lake Airstrip,4/29/1996,60,183,,0.3
Pine Lake Airstrip,5/1/1997,60,175,,0.29
Pine Lake Airstrip,4/27/1998,63,212,,0.34
Pine Lake Airstrip,4/27/1999,71,199,,0.28
Pine Lake Airstrip,4/26/2000,84,212,,0.25
Pine Lake Airstrip,4/27/2001,57,150,,0.26
Pine Lake Airstrip,4/30/2002,69,203,,0.29
Pine Lake Airstrip,4/29/2003,37,120,,0.32
Pine Lake Airstrip,4/28/2004,69,206,,0.3
Pine Lake Airstrip,4/29/2005,61.4,216,,0.35
Pine Lake Airstrip,4/28/2006,67,161,,0.24
Pine Lake Airstrip,4/25/2007,79,250,,0.32
Pine Lake Airstrip,4/29/2008,91,293,,0.32
Pine Lake Airstrip,4/30/2009,101,324,,0.32
Pine Lake Airstrip,4/27/2010,47,154,,0.33
Pine Lake Airstrip,4/27/2011,65,160,,0.25
Pine Lake Airstrip,4/26/2012,78,258,,0.33
Pine Lake Airstrip,4/30/2013,116,298,,0.26
Pine Lake Airstrip,4/29/2014,96,332,,0.35
Pine Lake Airstrip,4/29/2015,61,196,,0.32
Pine Lake Airstrip,4/26/2016,33,105,,0.32
Pine Lake Airstrip,4/25/2017,38,94,,0.25
Pine Lake Airstrip,4/26/2018,75,174,,0.23
Pine Lake Airstrip,5/13/1976,51,208,,0.41
Pine Lake Airstrip,5/17/1977,7,23,,0.33
Pine Lake Airstrip,5/15/1978,0,0,,0
Pine Lake Airstrip,5/15/1979,44,193,,0.44
Pine Lake Airstrip,5/15/1980,13,44,,0.34
Pine Lake Airstrip,5/15/1981,18,25,,0.14
Pine Lake Airstrip,5/14/1982,35,98,,0.28
Pine Lake Airstrip,5/16/1983,0,0,,0
Pine Lake Airstrip,5/15/1984,26,83,,0.32
Pine Lake Airstrip,5/14/1985,70,244,,0.35
Pine Lake Airstrip,5/14/1986,64,218,E,0.34
Pine Lake Airstrip,5/15/1987,44,141,,0.32
Pine Lake Airstrip,5/16/1988,0,0,,0
Pine Lake Airstrip,5/15/1989,0,0,,0
Pine Lake Airstrip,5/11/1990,45,175,,0.39
Pine Lake Airstrip,5/17/1991,7,22,,0.31
Pine Lake Airstrip,5/14/1992,74,284,,0.38
Pine Lake Airstrip,5/14/1993,0,0,,0
Pine Lake Airstrip,5/17/1994,10,29,,0.29
Pine Lake Airstrip,5/13/1999,49,158,,0.32
