SNOW_COURSE,Date,Depth,SWE,Code ,Density
Tintina Airstrip,2/3/1977,63,83,,0.13
Tintina Airstrip,2/1/1978,52,99,,0.19
Tintina Airstrip,1/23/1979,48,68,B,0.14
Tintina Airstrip,1/31/1980,62,109,,0.18
Tintina Airstrip,2/4/1981,60,117,,0.2
Tintina Airstrip,1/29/1982,57,103,,0.18
Tintina Airstrip,2/2/1983,72,143,,0.2
Tintina Airstrip,1/31/1984,72,134,,0.19
Tintina Airstrip,3/1/1978,55,100,,0.18
Tintina Airstrip,3/1/1979,104,239,,0.23
Tintina Airstrip,3/3/1980,64,119,,0.19
Tintina Airstrip,3/4/1981,83,160,,0.19
Tintina Airstrip,3/2/1982,60,113,,0.19
Tintina Airstrip,3/2/1983,76,155,,0.2
Tintina Airstrip,2/26/1984,69,157,,0.23
Tintina Airstrip,2/26/1985,113,229,,0.2
Tintina Airstrip,2/27/1986,68,122,,0.18
Tintina Airstrip,2/27/1987,78,145,,0.19
Tintina Airstrip,2/25/1988,87,205,,0.24
Tintina Airstrip,2/28/1989,82,188,,0.23
Tintina Airstrip,3/1/1990,113,244,,0.22
Tintina Airstrip,2/27/1991,98,246,,0.25
Tintina Airstrip,3/3/1992,109,301,,0.28
Tintina Airstrip,3/2/1994,100,228,,0.23
Tintina Airstrip,2/28/1995,63,113,,0.18
Tintina Airstrip,2/28/1996,63,132,,0.21
Tintina Airstrip,2/26/1997,58,124,,0.21
Tintina Airstrip,2/26/1998,81,167,,0.21
Tintina Airstrip,3/3/1999,66,147,,0.22
Tintina Airstrip,2/25/2000,80,184,,0.23
Tintina Airstrip,2/28/2001,80,188,,0.24
Tintina Airstrip,2/28/2002,79,167,,0.21
Tintina Airstrip,2/27/2003,58,122,,0.21
Tintina Airstrip,2/26/2004,80,197,,0.25
Tintina Airstrip,2/24/2005,99,244,,0.25
Tintina Airstrip,2/27/2006,76,170,,0.22
Tintina Airstrip,3/6/2007,103,210,,0.2
Tintina Airstrip,3/1/2008,113,269,,0.24
Tintina Airstrip,2/25/2009,117,297,,0.25
Tintina Airstrip,2/26/2010,80,188,,0.24
Tintina Airstrip,2/25/2011,89,142,,0.16
Tintina Airstrip,2/28/2012,89,177,,0.2
Tintina Airstrip,3/2/2013,105,282,,0.27
Tintina Airstrip,2/25/2014,95,239,,0.25
Tintina Airstrip,2/25/2015,80,188,,0.24
Tintina Airstrip,2/28/2018,93,179,,0.19
Tintina Airstrip,3/30/1977,81,179,,0.22
Tintina Airstrip,3/31/1978,66,131,,0.2
Tintina Airstrip,4/3/1979,115,290,E,0.25
Tintina Airstrip,4/1/1980,75,165,,0.22
Tintina Airstrip,3/29/1982,64,138,,0.22
Tintina Airstrip,3/31/1983,76,168,,0.22
Tintina Airstrip,3/30/1984,67,158,,0.24
Tintina Airstrip,3/27/1985,102,256,,0.25
Tintina Airstrip,4/1/1986,96,206,,0.21
Tintina Airstrip,3/31/1987,73,157,,0.22
Tintina Airstrip,3/29/1988,92,231,,0.25
Tintina Airstrip,3/30/1989,98,221,,0.23
Tintina Airstrip,3/29/1990,103,269,,0.26
Tintina Airstrip,4/1/1991,102,235,,0.23
Tintina Airstrip,3/30/1992,111,322,,0.29
Tintina Airstrip,3/31/1993,74,148,,0.2
Tintina Airstrip,3/30/1994,92,207,,0.22
Tintina Airstrip,3/31/1995,70,145,,0.21
Tintina Airstrip,3/27/1996,73,159,,0.22
Tintina Airstrip,3/27/1997,82,162,,0.2
Tintina Airstrip,3/27/1998,85,210,,0.25
Tintina Airstrip,3/30/1999,72,167,,0.23
Tintina Airstrip,3/29/2000,82,200,,0.24
Tintina Airstrip,3/28/2001,90,203,,0.23
Tintina Airstrip,3/26/2002,81,164,,0.2
Tintina Airstrip,3/27/2003,71,171,,0.24
Tintina Airstrip,3/31/2004,87,220,,0.25
Tintina Airstrip,4/4/2005,99,264,,0.27
Tintina Airstrip,3/29/2006,79,189,,0.24
Tintina Airstrip,3/28/2007,96,240,,0.25
Tintina Airstrip,3/27/2008,108,278,,0.26
Tintina Airstrip,4/2/2009,125,323,,0.26
Tintina Airstrip,3/31/2010,87,186,,0.21
Tintina Airstrip,3/30/2011,83,187,,0.23
Tintina Airstrip,3/29/2012,98,261,,0.27
Tintina Airstrip,3/26/2013,108,274,,0.25
Tintina Airstrip,3/28/2014,100,251,,0.25
Tintina Airstrip,3/27/2015,83,188,,0.23
Tintina Airstrip,3/30/2016,74,184,,0.25
Tintina Airstrip,3/30/2017,78,158,,0.2
Tintina Airstrip,3/28/2018,85,183,,0.22
Tintina Airstrip,5/4/1977,54,137,,0.25
Tintina Airstrip,5/2/1978,29,40,,0.14
Tintina Airstrip,5/1/1979,67,185,,0.28
Tintina Airstrip,4/30/1980,51,152,,0.3
Tintina Airstrip,5/1/1981,66,194,,0.29
Tintina Airstrip,4/29/1982,61,130,E,0.21
Tintina Airstrip,5/3/1983,48,137,,0.29
Tintina Airstrip,4/29/1984,63,160,,0.25
Tintina Airstrip,4/29/1985,102,301,,0.3
Tintina Airstrip,4/28/1986,85,230,,0.27
Tintina Airstrip,4/30/1987,66,180,,0.27
Tintina Airstrip,4/28/1988,63,203,,0.32
Tintina Airstrip,5/1/1989,37,107,,0.29
Tintina Airstrip,4/28/1990,73,250,,0.34
Tintina Airstrip,5/1/1991,64,221,,0.35
Tintina Airstrip,5/1/1992,93,300,,0.32
Tintina Airstrip,4/29/1993,38,121,,0.32
Tintina Airstrip,4/29/1994,62,206,,0.33
Tintina Airstrip,4/28/1995,40,106,,0.26
Tintina Airstrip,5/1/1996,35,108,,0.31
Tintina Airstrip,4/30/1997,48,130,,0.27
Tintina Airstrip,4/29/1998,52,163,,0.31
Tintina Airstrip,4/30/1999,51,149,,0.29
Tintina Airstrip,4/27/2000,78,227,,0.29
Tintina Airstrip,4/26/2001,77,223,,0.29
Tintina Airstrip,4/26/2002,79,197,,0.25
Tintina Airstrip,4/30/2003,24,65,,0.27
Tintina Airstrip,4/28/2004,74,217,,0.29
Tintina Airstrip,4/27/2005,66.2,204,,0.31
Tintina Airstrip,4/27/2006,69,208,,0.3
Tintina Airstrip,4/26/2007,67.2,198,,0.29
Tintina Airstrip,4/30/2008,87,258,,0.3
Tintina Airstrip,4/29/2009,109,340,,0.31
Tintina Airstrip,4/29/2010,31,75,,0.24
Tintina Airstrip,4/28/2011,69,151,,0.22
Tintina Airstrip,4/27/2012,77,232,,0.3
Tintina Airstrip,4/30/2013,113,318,,0.28
Tintina Airstrip,4/30/2014,75,235,,0.31
Tintina Airstrip,4/29/2015,64,196,,0.31
Tintina Airstrip,4/27/2016,44,130,,0.3
Tintina Airstrip,4/27/2017,53,145,,0.27
Tintina Airstrip,4/25/2018,84,186,,0.22
Tintina Airstrip,5/19/1977,4,11,,0.28
Tintina Airstrip,5/15/1978,0,0,,0
Tintina Airstrip,5/15/1979,56,185,,0.33
Tintina Airstrip,5/14/1980,28,80,E,0.29
Tintina Airstrip,5/14/1981,40,135,E,0.34
Tintina Airstrip,5/17/1982,20,50,E,0.25
Tintina Airstrip,5/15/1984,31,82,,0.26
Tintina Airstrip,5/14/1985,84,273,,0.32
Tintina Airstrip,5/15/1986,56,177,,0.32
Tintina Airstrip,5/15/1987,47,158,,0.34
Tintina Airstrip,5/16/1988,0,0,,0
Tintina Airstrip,5/15/1989,0,0,,0
Tintina Airstrip,5/13/1990,34,119,,0.35
Tintina Airstrip,5/14/1991,0,0,,0
Tintina Airstrip,5/19/1992,80,280,,0.35
Tintina Airstrip,5/18/1993,0,0,,0
Tintina Airstrip,5/13/1994,24,69,,0.29
Tintina Airstrip,5/14/1999,42,136,,0.32
,,,,,
,,,,,
,,,,,
,,,,,
,,,,,
,,,,,
,,,,,
,,,,,
,,,,,
,,,,,
