SNOW_COURSE,Date,Depth,SWE,Code ,Density
Watson Lake Airport,2/1/1965,53,94,,0.18
Watson Lake Airport,2/1/1966,44,64,,0.15
Watson Lake Airport,2/1/1967,71,140,,0.2
Watson Lake Airport,2/1/1968,58,112,,0.19
Watson Lake Airport,2/1/1969,58,102,,0.18
Watson Lake Airport,2/1/1970,59,107,,0.18
Watson Lake Airport,2/1/1971,37,46,,0.12
Watson Lake Airport,2/1/1972,64,145,,0.23
Watson Lake Airport,2/1/1973,54,102,,0.19
Watson Lake Airport,2/1/1974,64,104,,0.16
Watson Lake Airport,2/1/1975,38,66,,0.17
Watson Lake Airport,2/1/1976,78,122,,0.16
Watson Lake Airport,2/1/1977,52,99,,0.19
Watson Lake Airport,2/2/1978,39,51,,0.13
Watson Lake Airport,1/23/1979,48,68,B,0.14
Watson Lake Airport,2/1/1980,49,56,,0.11
Watson Lake Airport,2/1/1981,52,79,,0.15
Watson Lake Airport,2/1/1982,46,56,,0.12
Watson Lake Airport,2/1/1983,43,89,,0.21
Watson Lake Airport,2/1/1984,44,56,,0.13
Watson Lake Airport,2/1/1985,66,119,E,0.18
Watson Lake Airport,2/1/1986,41,76,,0.19
Watson Lake Airport,2/1/1987,46,69,,0.15
Watson Lake Airport,2/1/1988,0,0,,0
Watson Lake Airport,3/1/1965,79,188,,0.24
Watson Lake Airport,3/1/1966,48,114,,0.24
Watson Lake Airport,3/1/1967,87,188,,0.22
Watson Lake Airport,3/1/1968,55,104,,0.19
Watson Lake Airport,3/1/1969,70,125,E,0.18
Watson Lake Airport,3/1/1970,54,142,,0.26
Watson Lake Airport,3/1/1971,39,76,,0.19
Watson Lake Airport,3/1/1972,75,196,,0.26
Watson Lake Airport,3/1/1973,62,117,,0.19
Watson Lake Airport,3/1/1974,60,127,,0.21
Watson Lake Airport,3/1/1975,39,74,,0.19
Watson Lake Airport,3/2/1976,89,185,,0.21
Watson Lake Airport,3/1/1977,49,81,,0.17
Watson Lake Airport,3/2/1978,41,80,,0.2
Watson Lake Airport,2/23/1979,76,162,,0.21
Watson Lake Airport,3/4/1980,62,117,,0.19
Watson Lake Airport,3/2/1981,57,105,E,0.18
Watson Lake Airport,3/1/1982,47,102,,0.22
Watson Lake Airport,3/1/1983,52,97,,0.19
Watson Lake Airport,2/24/1984,48,86,,0.18
Watson Lake Airport,3/2/1985,74,165,,0.22
Watson Lake Airport,3/1/1986,36,61,,0.17
Watson Lake Airport,3/1/1987,59,100,E,0.17
Watson Lake Airport,3/2/1988,58,114,,0.2
Watson Lake Airport,3/1/1989,67,118,,0.18
Watson Lake Airport,2/28/1990,74,118,,0.16
Watson Lake Airport,3/1/1991,70,118,,0.17
Watson Lake Airport,3/3/1992,91,216,,0.24
Watson Lake Airport,2/25/1993,66,121,,0.18
Watson Lake Airport,3/1/1994,76,144,,0.19
Watson Lake Airport,2/24/1995,61,86,,0.14
Watson Lake Airport,2/27/1996,86,180,,0.21
Watson Lake Airport,2/25/1997,50,111,,0.22
Watson Lake Airport,3/1/1998,61,114,,0.19
Watson Lake Airport,2/26/1999,75,139,,0.19
Watson Lake Airport,2/28/2000,52,88,,0.17
Watson Lake Airport,2/27/2001,62,113,,0.18
Watson Lake Airport,2/28/2002,87,174,,0.2
Watson Lake Airport,2/26/2003,65,121,,0.19
Watson Lake Airport,3/2/2004,56,115,,0.21
Watson Lake Airport,2/24/2005,91,216,,0.24
Watson Lake Airport,2/23/2006,63,116,,0.18
Watson Lake Airport,2/27/2007,91,177,,0.19
Watson Lake Airport,2/26/2008,75,152,,0.2
Watson Lake Airport,4/1/1965,69,155,E,0.22
Watson Lake Airport,4/1/1966,26,94,,0.36
Watson Lake Airport,4/1/1967,81,229,,0.28
Watson Lake Airport,4/1/1968,44,100,E,0.23
Watson Lake Airport,4/1/1969,85,155,,0.18
Watson Lake Airport,4/1/1970,44,127,,0.29
Watson Lake Airport,4/1/1971,37,86,,0.23
Watson Lake Airport,4/1/1972,71,175,,0.25
Watson Lake Airport,4/1/1973,50,122,,0.24
Watson Lake Airport,4/1/1974,64,140,,0.22
Watson Lake Airport,4/1/1975,46,90,E,0.2
Watson Lake Airport,4/1/1976,84,173,,0.21
Watson Lake Airport,4/1/1977,51,127,,0.25
Watson Lake Airport,3/30/1978,47,110,E,0.23
Watson Lake Airport,4/2/1979,65,152,,0.23
Watson Lake Airport,4/1/1980,59,127,,0.22
Watson Lake Airport,4/2/1981,51,127,,0.25
Watson Lake Airport,4/2/1982,47,104,,0.22
Watson Lake Airport,4/5/1983,47,71,,0.15
Watson Lake Airport,4/1/1984,28,107,,0.38
Watson Lake Airport,4/1/1985,67,150,,0.22
Watson Lake Airport,4/1/1986,48,91,,0.19
Watson Lake Airport,4/1/1987,57,102,,0.18
Watson Lake Airport,3/31/1988,66,132,,0.2
Watson Lake Airport,3/31/1989,74,148,E,0.2
Watson Lake Airport,3/29/1990,56,112,E,0.2
Watson Lake Airport,3/31/1991,62,93,,0.15
Watson Lake Airport,3/31/1992,85,200,,0.24
Watson Lake Airport,4/2/1993,57,114,,0.2
Watson Lake Airport,4/5/1994,39,108,,0.28
Watson Lake Airport,3/27/1995,70,124,,0.18
Watson Lake Airport,3/27/1996,81,185,,0.23
Watson Lake Airport,4/2/1997,66,116,,0.18
Watson Lake Airport,3/30/1998,56,115,,0.21
Watson Lake Airport,3/30/1999,64,149,,0.23
Watson Lake Airport,3/30/2000,44,97,,0.22
Watson Lake Airport,3/28/2001,61,114,,0.19
Watson Lake Airport,3/29/2002,82,188,,0.23
Watson Lake Airport,3/27/2003,70,141,,0.2
Watson Lake Airport,3/26/2004,62,125,,0.2
Watson Lake Airport,3/30/2005,77,213,,0.28
Watson Lake Airport,3/27/2006,64,146,,0.23
Watson Lake Airport,3/29/2007,100,215,,0.22
Watson Lake Airport,3/31/2008,77,175,,0.23
Watson Lake Airport,5/1/1965,0,0,,0
Watson Lake Airport,5/1/1966,0,0,,0
Watson Lake Airport,5/1/1967,28,99,,0.35
Watson Lake Airport,5/1/1968,15,38,,0.25
Watson Lake Airport,5/1/1969,0,0,,0
Watson Lake Airport,5/1/1970,16,53,,0.33
Watson Lake Airport,5/1/1971,0,0,,0
Watson Lake Airport,5/1/1972,59,145,,0.25
Watson Lake Airport,5/1/1973,0,0,,0
Watson Lake Airport,5/1/1974,5,15,,0.3
Watson Lake Airport,4/29/1975,0,0,,0
Watson Lake Airport,5/1/1976,28,97,,0.35
Watson Lake Airport,4/29/1977,0,0,,0
Watson Lake Airport,5/1/1978,0,0,,0
Watson Lake Airport,5/1/1979,20,127,,0.64
Watson Lake Airport,5/1/1980,0,0,,0
Watson Lake Airport,5/1/1981,29,94,,0.32
Watson Lake Airport,5/3/1982,0,0,,0
Watson Lake Airport,5/2/1983,0,0,,0
Watson Lake Airport,5/1/1984,0,0,,0
Watson Lake Airport,5/1/1985,30,91,,0.3
Watson Lake Airport,5/1/1986,13,51,,0.39
Watson Lake Airport,5/1/1987,0,0,,0
Watson Lake Airport,5/5/1988,0,0,,0
Watson Lake Airport,4/28/1989,0,0,,0
Watson Lake Airport,4/30/1990,0,0,,0
Watson Lake Airport,5/1/1991,0,0,,0
Watson Lake Airport,5/2/1992,39,133,,0.34
Watson Lake Airport,4/29/1993,0,0,,0
Watson Lake Airport,4/28/1994,0,0,,0
Watson Lake Airport,4/29/1995,0,0,,0
Watson Lake Airport,4/26/1996,40,85,,0.21
Watson Lake Airport,4/30/1997,9,20,,0.22
Watson Lake Airport,4/28/1998,0,0,,0
Watson Lake Airport,4/29/1999,20,57,,0.28
Watson Lake Airport,4/27/2000,37,74,,0.2
Watson Lake Airport,4/26/2001,22,51,,0.23
Watson Lake Airport,4/30/2002,40,116,,0.29
Watson Lake Airport,4/29/2003,21,60,,0.29
Watson Lake Airport,4/26/2004,12,34,,0.28
Watson Lake Airport,4/26/2005,34.4,92,,0.27
Watson Lake Airport,4/25/2006,35,113,,0.32
Watson Lake Airport,4/25/2007,43.8,152,,0.35
Watson Lake Airport,4/29/2008,39,112,,0.29
Watson Lake Airport,5/15/1965,0,0,,0
Watson Lake Airport,5/15/1966,0,0,,0
Watson Lake Airport,5/15/1967,0,0,,0
Watson Lake Airport,5/15/1968,0,0,,0
Watson Lake Airport,5/15/1969,0,0,,0
Watson Lake Airport,5/15/1970,0,0,,0
Watson Lake Airport,5/15/1971,0,0,,0
Watson Lake Airport,5/15/1972,0,0,,0
Watson Lake Airport,5/15/1973,0,0,,0
Watson Lake Airport,5/15/1974,0,0,,0
Watson Lake Airport,5/15/1975,0,0,,0
Watson Lake Airport,5/13/1976,0,0,,0
Watson Lake Airport,5/13/1977,0,0,,0
Watson Lake Airport,5/15/1978,0,0,,0
Watson Lake Airport,5/15/1979,0,0,,0
Watson Lake Airport,5/15/1980,0,0,,0
Watson Lake Airport,5/15/1981,0,0,,0
Watson Lake Airport,5/15/1982,0,0,,0
Watson Lake Airport,5/15/1983,0,0,,0
Watson Lake Airport,5/15/1984,0,0,,0
Watson Lake Airport,5/15/1985,16,45,,0.28
Watson Lake Airport,5/15/1986,0,0,,0
Watson Lake Airport,5/15/1987,0,0,,0
Watson Lake Airport,5/15/1988,0,0,,0
Watson Lake Airport,5/15/1989,0,0,,0
Watson Lake Airport,5/15/1990,0,0,,0
Watson Lake Airport,5/15/1991,0,0,,0
Watson Lake Airport,5/15/1992,0,0,,0
Watson Lake Airport,5/15/1993,0,0,,0
Watson Lake Airport,5/12/1994,0,0,,0
Watson Lake Airport,5/14/1999,0,0,,0
